BcuEnyMagtSoc,BcuDchaPwrLongTiMax,BcuChrgPwrLongTiMax,FrntGerMotGenrPwr,EmsFuCns,EmsEngSpd,EmsEngTqFlywh,FrntGerSpd,FrntGerTq,BcuDchaPwrShoTiMax,BcuChrgPwrShoTiMax,step
19.998690581004926,199.9947623240197,105.1433504,-0.0,0.0,2000.0,0.0,2000.0,-0.0,199.9947623240197,105.1433504,0
19.99178969952871,199.96715879811484,105.1433504,-18.886947094570903,1.6077071855860738e-05,2000.0,100.0,2000.0,-100.0,199.96715879811484,105.1433504,100
19.98848605089417,199.95394420357667,105.1433504,-18.886947094570903,1.6077071855860738e-05,2000.0,100.0,2000.0,-100.0,199.95394420357667,105.1433504,200
19.985182425652813,199.94072970261124,105.1433504,-18.886947094570903,1.6077071855860738e-05,2000.0,100.0,2000.0,-100.0,199.94072970261124,105.1433504,300
19.981878560418114,199.92751424167244,105.1433504,-18.886947094570903,1.6077071855860738e-05,2000.0,100.0,2000.0,-100.0,199.92751424167244,105.1433504,400
19.97857466234832,199.9142986493933,105.1433504,-18.886947094570903,1.6077071855860738e-05,2000.0,100.0,2000.0,-100.0,199.9142986493933,105.1433504,500
19.975270769115568,199.90108307646227,105.1433504,-18.886947094570903,1.6077071855860738e-05,2000.0,100.0,2000.0,-100.0,199.90108307646227,105.1433504,600
19.971966871045773,199.8878674841831,105.1433504,-18.886947094570903,1.6077071855860738e-05,2000.0,100.0,2000.0,-100.0,199.8878674841831,105.1433504,700
19.968662973572982,199.87465189429193,105.1433504,-18.886947094570903,1.6077071855860738e-05,2000.0,100.0,2000.0,-100.0,199.87465189429193,105.1433504,800
19.96535907490619,199.86143629962476,105.1433504,-18.886947094570903,1.6077071855860738e-05,2000.0,100.0,2000.0,-100.0,199.86143629962476,105.1433504,900
19.962055176239396,199.84822070495758,105.1433504,-18.886947094570903,1.6077071855860738e-05,2000.0,100.0,2000.0,-100.0,199.84822070495758,105.1433504,1000
19.9587512775726,199.8350051102904,105.1433504,-18.886947094570903,1.6077071855860738e-05,2000.0,100.0,2000.0,-100.0,199.8350051102904,105.1433504,1100
19.955447585399398,199.8217903415976,105.1433504,-18.886947094570903,1.6077071855860738e-05,2000.0,100.0,2000.0,-100.0,199.8217903415976,105.1433504,1200
19.95214477473497,199.80857909893987,105.1433504,-18.886947094570903,1.6077071855860738e-05,2000.0,100.0,2000.0,-100.0,199.80857909893987,105.1433504,1300
19.948841962876543,199.79536785150617,105.1433504,-18.886947094570903,1.6077071855860738e-05,2000.0,100.0,2000.0,-100.0,199.79536785150617,105.1433504,1400
19.945539151018114,199.78215660407244,105.1433504,-18.886947094570903,1.6077071855860738e-05,2000.0,100.0,2000.0,-100.0,199.78215660407244,105.1433504,1500
19.942236339159685,199.76894535663874,105.1433504,-18.886947094570903,1.6077071855860738e-05,2000.0,100.0,2000.0,-100.0,199.76894535663874,105.1433504,1600
19.938933527301252,199.755734109205,105.1433504,-18.886947094570903,1.6077071855860738e-05,2000.0,100.0,2000.0,-100.0,199.755734109205,105.1433504,1700
19.935630715442826,199.7425228617713,105.1433504,-18.886947094570903,1.6077071855860738e-05,2000.0,100.0,2000.0,-100.0,199.7425228617713,105.1433504,1800
19.932327903584397,199.72931161433758,105.1433504,-18.886947094570903,1.6077071855860738e-05,2000.0,100.0,2000.0,-100.0,199.72931161433758,105.1433504,1900
19.929025091725965,199.71610036690385,105.1433504,-18.886947094570903,1.6077071855860738e-05,2000.0,100.0,2000.0,-100.0,199.71610036690385,105.1433504,2000
19.925722282255546,199.7028891290222,105.1433504,-18.886947094570903,1.6077071855860738e-05,2000.0,100.0,2000.0,-100.0,199.7028891290222,105.1433504,2100
19.922419470397116,199.68967788158847,105.1433504,-18.886947094570903,1.6077071855860738e-05,2000.0,100.0,2000.0,-100.0,199.68967788158847,105.1433504,2200
19.919116658538684,199.67646663415474,105.1433504,-18.886947094570903,1.6077071855860738e-05,2000.0,100.0,2000.0,-100.0,199.67646663415474,105.1433504,2300
19.915813216331404,199.6632528653256,105.1433504,-18.886947094570903,1.6077071855860738e-05,2000.0,100.0,2000.0,-100.0,199.6632528653256,105.1433504,2400
19.91250823085625,199.650032923425,105.1433504,-18.886947094570903,1.6077071855860738e-05,2000.0,100.0,2000.0,-100.0,199.650032923425,105.1433504,2500
19.90920324538109,199.63681298152437,105.1433504,-18.886947094570903,1.6077071855860738e-05,2000.0,100.0,2000.0,-100.0,199.63681298152437,105.1433504,2600
19.905898259905932,199.62359303962373,105.1433504,-18.886947094570903,1.6077071855860738e-05,2000.0,100.0,2000.0,-100.0,199.62359303962373,105.1433504,2700
19.90259327443077,199.61037309772308,105.1433504,-18.886947094570903,1.6077071855860738e-05,2000.0,100.0,2000.0,-100.0,199.61037309772308,105.1433504,2800
19.899288291343616,199.59715316537446,105.1433504,-18.886947094570903,1.6077071855860738e-05,2000.0,100.0,2000.0,-100.0,199.59715316537446,105.1433504,2900
19.89598330348045,199.5839332139218,105.1433504,-18.886947094570903,1.6077071855860738e-05,2000.0,100.0,2000.0,-100.0,199.5839332139218,105.1433504,3000
19.892678320393294,199.57071328157318,105.1433504,-18.886947094570903,1.6077071855860738e-05,2000.0,100.0,2000.0,-100.0,199.57071328157318,105.1433504,3100
19.88937333730614,199.55749334922456,105.1433504,-18.886947094570903,1.6077071855860738e-05,2000.0,100.0,2000.0,-100.0,199.55749334922456,105.1433504,3200
19.886068621675722,199.54427448670288,105.1433504,-18.886947094570903,1.6077071855860738e-05,2000.0,100.0,2000.0,-100.0,199.54427448670288,105.1433504,3300
19.88276391082132,199.5310556432853,105.1433504,-18.886947094570903,1.6077071855860738e-05,2000.0,100.0,2000.0,-100.0,199.5310556432853,105.1433504,3400
19.879459195190908,199.51783678076362,105.1433504,-18.886947094570903,1.6077071855860738e-05,2000.0,100.0,2000.0,-100.0,199.51783678076362,105.1433504,3500
19.876154484336507,199.50461793734604,105.1433504,-18.886947094570903,1.6077071855860738e-05,2000.0,100.0,2000.0,-100.0,199.50461793734604,105.1433504,3600
19.87284976870609,199.49139907482436,105.1433504,-18.886947094570903,1.6077071855860738e-05,2000.0,100.0,2000.0,-100.0,199.49139907482436,105.1433504,3700
19.869545053075672,199.47818021230268,105.1433504,-18.886947094570903,1.6077071855860738e-05,2000.0,100.0,2000.0,-100.0,199.47818021230268,105.1433504,3800
19.86624034222127,199.4649613688851,105.1433504,-18.886947094570903,1.6077071855860738e-05,2000.0,100.0,2000.0,-100.0,199.4649613688851,105.1433504,3900
19.862935626590854,199.45174250636342,105.1433504,-18.886947094570903,1.6077071855860738e-05,2000.0,100.0,2000.0,-100.0,199.45174250636342,105.1433504,4000
19.859630915736453,199.4385236629458,105.1433504,-18.886947094570903,1.6077071855860738e-05,2000.0,100.0,2000.0,-100.0,199.4385236629458,105.1433504,4100
19.85632620010604,199.42530480042416,105.1433504,-18.886947094570903,1.6077071855860738e-05,2000.0,100.0,2000.0,-100.0,199.42530480042416,105.1433504,4200
19.85302148925164,199.41208595700655,105.1433504,-18.886947094570903,1.6077071855860738e-05,2000.0,100.0,2000.0,-100.0,199.41208595700655,105.1433504,4300
19.849716773621218,199.39886709448487,105.1433504,-18.886947094570903,1.6077071855860738e-05,2000.0,100.0,2000.0,-100.0,199.39886709448487,105.1433504,4400
19.846412062766817,199.38564825106727,105.1433504,-18.886947094570903,1.6077071855860738e-05,2000.0,100.0,2000.0,-100.0,199.38564825106727,105.1433504,4500
19.843107347136403,199.3724293885456,105.1433504,-18.886947094570903,1.6077071855860738e-05,2000.0,100.0,2000.0,-100.0,199.3724293885456,105.1433504,4600
19.839802631505986,199.35921052602396,105.1433504,-18.886947094570903,1.6077071855860738e-05,2000.0,100.0,2000.0,-100.0,199.35921052602396,105.1433504,4700
19.836500181212983,199.34600072485193,105.1433504,-18.886947094570903,1.6077071855860738e-05,2000.0,100.0,2000.0,-100.0,199.34600072485193,105.1433504,4800
19.833199812816023,199.33279925126408,105.1433504,-18.886947094570903,1.6077071855860738e-05,2000.0,100.0,2000.0,-100.0,199.33279925126408,105.1433504,4900
19.829899449195075,199.3195977967803,105.1433504,-18.886947094570903,1.6077071855860738e-05,2000.0,100.0,2000.0,-100.0,199.3195977967803,105.1433504,5000
19.82659908079812,199.30639632319247,105.1433504,-18.886947094570903,1.6077071855860738e-05,2000.0,100.0,2000.0,-100.0,199.30639632319247,105.1433504,5100
19.823298717177174,199.2931948687087,105.1433504,-18.886947094570903,1.6077071855860738e-05,2000.0,100.0,2000.0,-100.0,199.2931948687087,105.1433504,5200
19.81999834878021,199.27999339512084,105.1433504,-18.886947094570903,1.6077071855860738e-05,2000.0,100.0,2000.0,-100.0,199.27999339512084,105.1433504,5300
19.816697980383253,199.266791921533,105.1433504,-18.886947094570903,1.6077071855860738e-05,2000.0,100.0,2000.0,-100.0,199.266791921533,105.1433504,5400
19.81339761676231,199.25359046704924,105.1433504,-18.886947094570903,1.6077071855860738e-05,2000.0,100.0,2000.0,-100.0,199.25359046704924,105.1433504,5500
19.810097248365345,199.24038899346138,105.1433504,-18.886947094570903,1.6077071855860738e-05,2000.0,100.0,2000.0,-100.0,199.24038899346138,105.1433504,5600
19.80679687996839,199.22718751987355,105.1433504,-18.886947094570903,1.6077071855860738e-05,2000.0,100.0,2000.0,-100.0,199.22718751987355,105.1433504,5700
19.803496521123456,199.21398608449383,105.1433504,-18.886947094570903,1.6077071855860738e-05,2000.0,100.0,2000.0,-100.0,199.21398608449383,105.1433504,5800
19.8001961527265,199.200784610906,105.1433504,-18.886947094570903,1.6077071855860738e-05,2000.0,100.0,2000.0,-100.0,199.200784610906,105.1433504,5900
19.79689578432954,199.18758313731814,105.1433504,-18.886947094570903,1.6077071855860738e-05,2000.0,100.0,2000.0,-100.0,199.18758313731814,105.1433504,6000
19.79359541593258,199.17438166373032,105.1433504,-18.886947094570903,1.6077071855860738e-05,2000.0,100.0,2000.0,-100.0,199.17438166373032,105.1433504,6100
19.790295047535615,199.16118019014246,105.1433504,-18.886947094570903,1.6077071855860738e-05,2000.0,100.0,2000.0,-100.0,199.16118019014246,105.1433504,6200
19.786994688690683,199.14797875476273,105.1433504,-18.886947094570903,1.6077071855860738e-05,2000.0,100.0,2000.0,-100.0,199.14797875476273,105.1433504,6300
19.783694320293726,199.1347772811749,105.1433504,-18.886947094570903,1.6077071855860738e-05,2000.0,100.0,2000.0,-100.0,199.1347772811749,105.1433504,6400
19.780393407431262,199.12157362972505,105.1433504,-18.886947094570903,1.6077071855860738e-05,2000.0,100.0,2000.0,-100.0,199.12157362972505,105.1433504,6500
19.777092504120823,199.1083700164833,105.1433504,-18.886947094570903,1.6077071855860738e-05,2000.0,100.0,2000.0,-100.0,199.1083700164833,105.1433504,6600
19.77379159125836,199.09516636503344,105.1433504,-18.886947094570903,1.6077071855860738e-05,2000.0,100.0,2000.0,-100.0,199.09516636503344,105.1433504,6700
19.7704906783959,199.0819627135836,105.1433504,-18.886947094570903,1.6077071855860738e-05,2000.0,100.0,2000.0,-100.0,199.0819627135836,105.1433504,6800
19.767189775085463,199.06875910034185,105.1433504,-18.886947094570903,1.6077071855860738e-05,2000.0,100.0,2000.0,-100.0,199.06875910034185,105.1433504,6900
19.763888862223,199.055555448892,105.1433504,-18.886947094570903,1.6077071855860738e-05,2000.0,100.0,2000.0,-100.0,199.055555448892,105.1433504,7000
19.760587949360527,199.0423517974421,105.1433504,-18.886947094570903,1.6077071855860738e-05,2000.0,100.0,2000.0,-100.0,199.0423517974421,105.1433504,7100
19.75728704605009,199.02914818420038,105.1433504,-18.886947094570903,1.6077071855860738e-05,2000.0,100.0,2000.0,-100.0,199.02914818420038,105.1433504,7200
19.753986133187627,199.0159445327505,105.1433504,-18.886947094570903,1.6077071855860738e-05,2000.0,100.0,2000.0,-100.0,199.0159445327505,105.1433504,7300
19.750685220325163,199.00274088130067,105.1433504,-18.886947094570903,1.6077071855860738e-05,2000.0,100.0,2000.0,-100.0,199.00274088130067,105.1433504,7400
19.747384317014728,198.9895372680589,105.1433504,-18.886947094570903,1.6077071855860738e-05,2000.0,100.0,2000.0,-100.0,198.9895372680589,105.1433504,7500
19.744083404152263,198.97633361660905,105.1433504,-18.886947094570903,1.6077071855860738e-05,2000.0,100.0,2000.0,-100.0,198.97633361660905,105.1433504,7600
19.7407824912898,198.9631299651592,105.1433504,-18.886947094570903,1.6077071855860738e-05,2000.0,100.0,2000.0,-100.0,198.9631299651592,105.1433504,7700
19.73748158797936,198.94992635191744,105.1433504,-18.886947094570903,1.6077071855860738e-05,2000.0,100.0,2000.0,-100.0,198.94992635191744,105.1433504,7800
19.734180675116896,198.93672270046758,105.1433504,-18.886947094570903,1.6077071855860738e-05,2000.0,100.0,2000.0,-100.0,198.93672270046758,105.1433504,7900
19.730879762254432,198.92351904901773,105.1433504,-18.886947094570903,1.6077071855860738e-05,2000.0,100.0,2000.0,-100.0,198.92351904901773,105.1433504,8000
19.727578858943993,198.91031543577597,105.1433504,-18.886947094570903,1.6077071855860738e-05,2000.0,100.0,2000.0,-100.0,198.91031543577597,105.1433504,8100
19.72427794608153,198.8971117843261,105.1433504,-18.886947094570903,1.6077071855860738e-05,2000.0,100.0,2000.0,-100.0,198.8971117843261,105.1433504,8200
19.720977033219064,198.88390813287626,105.1433504,-18.886947094570903,1.6077071855860738e-05,2000.0,100.0,2000.0,-100.0,198.88390813287626,105.1433504,8300
19.717676129908625,198.8707045196345,105.1433504,-18.886947094570903,1.6077071855860738e-05,2000.0,100.0,2000.0,-100.0,198.8707045196345,105.1433504,8400
19.71437521704616,198.85750086818464,105.1433504,-18.886947094570903,1.6077071855860738e-05,2000.0,100.0,2000.0,-100.0,198.85750086818464,105.1433504,8500
19.711074304183697,198.8442972167348,105.1433504,-18.886947094570903,1.6077071855860738e-05,2000.0,100.0,2000.0,-100.0,198.8442972167348,105.1433504,8600
19.707773400873265,198.83109360349306,105.1433504,-18.886947094570903,1.6077071855860738e-05,2000.0,100.0,2000.0,-100.0,198.83109360349306,105.1433504,8700
19.7044724880108,198.8178899520432,105.1433504,-18.886947094570903,1.6077071855860738e-05,2000.0,100.0,2000.0,-100.0,198.8178899520432,105.1433504,8800
19.70117157514833,198.80468630059332,105.1433504,-18.886947094570903,1.6077071855860738e-05,2000.0,100.0,2000.0,-100.0,198.80468630059332,105.1433504,8900
19.69787067183789,198.79148268735156,105.1433504,-18.886947094570903,1.6077071855860738e-05,2000.0,100.0,2000.0,-100.0,198.79148268735156,105.1433504,9000
19.694569758975426,198.7782790359017,105.1433504,-18.886947094570903,1.6077071855860738e-05,2000.0,100.0,2000.0,-100.0,198.7782790359017,105.1433504,9100
19.691268846112962,198.76507538445185,105.1433504,-18.886947094570903,1.6077071855860738e-05,2000.0,100.0,2000.0,-100.0,198.76507538445185,105.1433504,9200
19.6879679332505,198.75187173300202,105.1433504,-18.886947094570903,1.6077071855860738e-05,2000.0,100.0,2000.0,-100.0,198.75187173300202,105.1433504,9300
19.684667029940066,198.73866811976026,105.1433504,-18.886947094570903,1.6077071855860738e-05,2000.0,100.0,2000.0,-100.0,198.73866811976026,105.1433504,9400
19.6813661170776,198.7254644683104,105.1433504,-18.886947094570903,1.6077071855860738e-05,2000.0,100.0,2000.0,-100.0,198.7254644683104,105.1433504,9500
19.678057031416238,198.71222812566495,105.1433504,-18.886947094570903,1.6077071855860738e-05,2000.0,100.0,2000.0,-100.0,198.71222812566495,105.1433504,9600
19.67474743363889,198.69898973455554,105.1433504,-18.886947094570903,1.6077071855860738e-05,2000.0,100.0,2000.0,-100.0,198.69898973455554,105.1433504,9700
19.671437826309514,198.68575130523806,105.1433504,-18.886947094570903,1.6077071855860738e-05,2000.0,100.0,2000.0,-100.0,198.68575130523806,105.1433504,9800
19.66812821898013,198.67251287592052,105.1433504,-18.886947094570903,1.6077071855860738e-05,2000.0,100.0,2000.0,-100.0,198.67251287592052,105.1433504,9900
19.66481862120278,198.65927448481114,105.1433504,-18.886947094570903,1.6077071855860738e-05,2000.0,100.0,2000.0,-100.0,198.65927448481114,105.1433504,10000
19.661509013873406,198.64603605549362,105.1433504,-18.886947094570903,1.6077071855860738e-05,2000.0,100.0,2000.0,-100.0,198.64603605549362,105.1433504,10100
19.65819940654403,198.6327976261761,105.1433504,-18.886947094570903,1.6077071855860738e-05,2000.0,100.0,2000.0,-100.0,198.6327976261761,105.1433504,10200
19.654889808766676,198.6195592350667,105.1433504,-18.886947094570903,1.6077071855860738e-05,2000.0,100.0,2000.0,-100.0,198.6195592350667,105.1433504,10300
19.651580201437298,198.6063208057492,105.1433504,-18.886947094570903,1.6077071855860738e-05,2000.0,100.0,2000.0,-100.0,198.6063208057492,105.1433504,10400
19.648270594107924,198.5930823764317,105.1433504,-18.886947094570903,1.6077071855860738e-05,2000.0,100.0,2000.0,-100.0,198.5930823764317,105.1433504,10500
19.644960996330575,198.5798439853223,105.1433504,-18.886947094570903,1.6077071855860738e-05,2000.0,100.0,2000.0,-100.0,198.5798439853223,105.1433504,10600
19.641651389001197,198.5666055560048,105.1433504,-18.886947094570903,1.6077071855860738e-05,2000.0,100.0,2000.0,-100.0,198.5666055560048,105.1433504,10700
19.638341781671816,198.55336712668725,105.1433504,-18.886947094570903,1.6077071855860738e-05,2000.0,100.0,2000.0,-100.0,198.55336712668725,105.1433504,10800
19.635032183894467,198.54012873557787,105.1433504,-18.886947094570903,1.6077071855860738e-05,2000.0,100.0,2000.0,-100.0,198.54012873557787,105.1433504,10900
19.63172257656509,198.52689030626036,105.1433504,-18.886947094570903,1.6077071855860738e-05,2000.0,100.0,2000.0,-100.0,198.52689030626036,105.1433504,11000
19.62841296923571,198.51365187694284,105.1433504,-18.886947094570903,1.6077071855860738e-05,2000.0,100.0,2000.0,-100.0,198.51365187694284,105.1433504,11100
19.625103371458362,198.50041348583346,105.1433504,-18.886947094570903,1.6077071855860738e-05,2000.0,100.0,2000.0,-100.0,198.50041348583346,105.1433504,11200
19.621793764128988,198.48717505651595,105.1433504,-18.886947094570903,1.6077071855860738e-05,2000.0,100.0,2000.0,-100.0,198.48717505651595,105.1433504,11300
19.618484166351635,198.47393666540654,105.1433504,-18.886947094570903,1.6077071855860738e-05,2000.0,100.0,2000.0,-100.0,198.47393666540654,105.1433504,11400
19.615174549470233,198.46069819788093,105.1433504,-18.886947094570903,1.6077071855860738e-05,2000.0,100.0,2000.0,-100.0,198.46069819788093,105.1433504,11500
19.61186495169288,198.44745980677152,105.1433504,-18.886947094570903,1.6077071855860738e-05,2000.0,100.0,2000.0,-100.0,198.44745980677152,105.1433504,11600
19.608555353915527,198.4342214156621,105.1433504,-18.886947094570903,1.6077071855860738e-05,2000.0,100.0,2000.0,-100.0,198.4342214156621,105.1433504,11700
19.605245737034124,198.4209829481365,105.1433504,-18.886947094570903,1.6077071855860738e-05,2000.0,100.0,2000.0,-100.0,198.4209829481365,105.1433504,11800
19.60193613925677,198.4077445570271,105.1433504,-18.886947094570903,1.6077071855860738e-05,2000.0,100.0,2000.0,-100.0,198.4077445570271,105.1433504,11900
19.598626541479426,198.3945061659177,105.1433504,-18.886947094570903,1.6077071855860738e-05,2000.0,100.0,2000.0,-100.0,198.3945061659177,105.1433504,12000
19.595316924598023,198.3812676983921,105.1433504,-18.886947094570903,1.6077071855860738e-05,2000.0,100.0,2000.0,-100.0,198.3812676983921,105.1433504,12100
19.59200732682067,198.36802930728268,105.1433504,-18.886947094570903,1.6077071855860738e-05,2000.0,100.0,2000.0,-100.0,198.36802930728268,105.1433504,12200
19.588697729043318,198.35479091617327,105.1433504,-18.886947094570903,1.6077071855860738e-05,2000.0,100.0,2000.0,-100.0,198.35479091617327,105.1433504,12300
19.585388112161915,198.34155244864766,105.1433504,-18.886947094570903,1.6077071855860738e-05,2000.0,100.0,2000.0,-100.0,198.34155244864766,105.1433504,12400
19.58207851438457,198.32831405753828,105.1433504,-18.886947094570903,1.6077071855860738e-05,2000.0,100.0,2000.0,-100.0,198.32831405753828,105.1433504,12500
19.57876891660721,198.31507566642884,105.1433504,-18.886947094570903,1.6077071855860738e-05,2000.0,100.0,2000.0,-100.0,198.31507566642884,105.1433504,12600
19.575459299725807,198.30183719890323,105.1433504,-18.886947094570903,1.6077071855860738e-05,2000.0,100.0,2000.0,-100.0,198.30183719890323,105.1433504,12700
19.57214972105251,198.28859888421005,105.1433504,-18.886947094570903,1.6077071855860738e-05,2000.0,100.0,2000.0,-100.0,198.28859888421005,105.1433504,12800
19.568841212206173,198.2753648488247,105.1433504,-18.886947094570903,1.6077071855860738e-05,2000.0,100.0,2000.0,-100.0,198.2753648488247,105.1433504,12900
19.56553268425578,198.2621307370231,105.1433504,-18.886947094570903,1.6077071855860738e-05,2000.0,100.0,2000.0,-100.0,198.2621307370231,105.1433504,13000
19.56222417540944,198.24889670163776,105.1433504,-18.886947094570903,1.6077071855860738e-05,2000.0,100.0,2000.0,-100.0,198.24889670163776,105.1433504,13100
19.558915647459045,198.23566258983618,105.1433504,-18.886947094570903,1.6077071855860738e-05,2000.0,100.0,2000.0,-100.0,198.23566258983618,105.1433504,13200
19.555607138612707,198.22242855445083,105.1433504,-18.886947094570903,1.6077071855860738e-05,2000.0,100.0,2000.0,-100.0,198.22242855445083,105.1433504,13300
19.552298610662312,198.20919444264925,105.1433504,-18.886947094570903,1.6077071855860738e-05,2000.0,100.0,2000.0,-100.0,198.20919444264925,105.1433504,13400
19.54899010181597,198.1959604072639,105.1433504,-18.886947094570903,1.6077071855860738e-05,2000.0,100.0,2000.0,-100.0,198.1959604072639,105.1433504,13500
19.54568159296963,198.18272637187852,105.1433504,-18.886947094570903,1.6077071855860738e-05,2000.0,100.0,2000.0,-100.0,198.18272637187852,105.1433504,13600
19.542373065019238,198.16949226007694,105.1433504,-18.886947094570903,1.6077071855860738e-05,2000.0,100.0,2000.0,-100.0,198.16949226007694,105.1433504,13700
19.539064556172896,198.15625822469158,105.1433504,-18.886947094570903,1.6077071855860738e-05,2000.0,100.0,2000.0,-100.0,198.15625822469158,105.1433504,13800
19.535756028222508,198.14302411289003,105.1433504,-18.886947094570903,1.6077071855860738e-05,2000.0,100.0,2000.0,-100.0,198.14302411289003,105.1433504,13900
19.532447519376163,198.12979007750465,105.1433504,-18.886947094570903,1.6077071855860738e-05,2000.0,100.0,2000.0,-100.0,198.12979007750465,105.1433504,14000
19.529138991425775,198.1165559657031,105.1433504,-18.886947094570903,1.6077071855860738e-05,2000.0,100.0,2000.0,-100.0,198.1165559657031,105.1433504,14100
19.52583048257943,198.10332193031772,105.1433504,-18.886947094570903,1.6077071855860738e-05,2000.0,100.0,2000.0,-100.0,198.10332193031772,105.1433504,14200
19.522521954629042,198.09008781851617,105.1433504,-18.886947094570903,1.6077071855860738e-05,2000.0,100.0,2000.0,-100.0,198.09008781851617,105.1433504,14300
19.519213445782697,198.0768537831308,105.1433504,-18.886947094570903,1.6077071855860738e-05,2000.0,100.0,2000.0,-100.0,198.0768537831308,105.1433504,14400
19.51590493693636,198.06361974774543,105.1433504,-18.886947094570903,1.6077071855860738e-05,2000.0,100.0,2000.0,-100.0,198.06361974774543,105.1433504,14500
19.512596408985964,198.05038563594385,105.1433504,-18.886947094570903,1.6077071855860738e-05,2000.0,100.0,2000.0,-100.0,198.05038563594385,105.1433504,14600
19.509287900139626,198.0371516005585,105.1433504,-18.886947094570903,1.6077071855860738e-05,2000.0,100.0,2000.0,-100.0,198.0371516005585,105.1433504,14700
19.50597937218923,198.02391748875692,105.1433504,-18.886947094570903,1.6077071855860738e-05,2000.0,100.0,2000.0,-100.0,198.02391748875692,105.1433504,14800
19.502670863342892,198.01068345337157,105.1433504,-18.886947094570903,1.6077071855860738e-05,2000.0,100.0,2000.0,-100.0,198.01068345337157,105.1433504,14900
19.499362335392497,197.99744934157,105.1433504,-18.886947094570903,1.6077071855860738e-05,2000.0,100.0,2000.0,-100.0,197.99744934157,105.1433504,15000
19.49605382654616,197.98421530618464,105.1433504,-18.886947094570903,1.6077071855860738e-05,2000.0,100.0,2000.0,-100.0,197.98421530618464,105.1433504,15100
19.492745298595764,197.97098119438306,105.1433504,-18.886947094570903,1.6077071855860738e-05,2000.0,100.0,2000.0,-100.0,197.97098119438306,105.1433504,15200
19.48943678974942,197.95774715899768,105.1433504,-18.886947094570903,1.6077071855860738e-05,2000.0,100.0,2000.0,-100.0,197.95774715899768,105.1433504,15300
19.48612828090308,197.94451312361232,105.1433504,-18.886947094570903,1.6077071855860738e-05,2000.0,100.0,2000.0,-100.0,197.94451312361232,105.1433504,15400
19.482819752952686,197.93127901181074,105.1433504,-18.886947094570903,1.6077071855860738e-05,2000.0,100.0,2000.0,-100.0,197.93127901181074,105.1433504,15500
19.479511244106348,197.9180449764254,105.1433504,-18.886947094570903,1.6077071855860738e-05,2000.0,100.0,2000.0,-100.0,197.9180449764254,105.1433504,15600
19.476202716155953,197.9048108646238,105.1433504,-18.886947094570903,1.6077071855860738e-05,2000.0,100.0,2000.0,-100.0,197.9048108646238,105.1433504,15700
19.472894207309615,197.89157682923846,105.1433504,-18.886947094570903,1.6077071855860738e-05,2000.0,100.0,2000.0,-100.0,197.89157682923846,105.1433504,15800
19.469585679359223,197.8783427174369,105.1433504,-18.886947094570903,1.6077071855860738e-05,2000.0,100.0,2000.0,-100.0,197.8783427174369,105.1433504,15900
19.466277170512882,197.86510868205153,105.1433504,-18.886947094570903,1.6077071855860738e-05,2000.0,100.0,2000.0,-100.0,197.86510868205153,105.1433504,16000
19.46296864256249,197.85187457024995,105.1433504,-18.886947094570903,1.6077071855860738e-05,2000.0,100.0,2000.0,-100.0,197.85187457024995,105.1433504,16100
19.45966013371615,197.8386405348646,105.1433504,-18.886947094570903,1.6077071855860738e-05,2000.0,100.0,2000.0,-100.0,197.8386405348646,105.1433504,16200
19.456351624869804,197.82540649947921,105.1433504,-18.886947094570903,1.6077071855860738e-05,2000.0,100.0,2000.0,-100.0,197.82540649947921,105.1433504,16300
19.453043096919416,197.81217238767766,105.1433504,-18.886947094570903,1.6077071855860738e-05,2000.0,100.0,2000.0,-100.0,197.81217238767766,105.1433504,16400
19.449734588073074,197.79893835229228,105.1433504,-18.886947094570903,1.6077071855860738e-05,2000.0,100.0,2000.0,-100.0,197.79893835229228,105.1433504,16500
19.446426060122683,197.78570424049073,105.1433504,-18.886947094570903,1.6077071855860738e-05,2000.0,100.0,2000.0,-100.0,197.78570424049073,105.1433504,16600
19.44311755127634,197.77247020510538,105.1433504,-18.886947094570903,1.6077071855860738e-05,2000.0,100.0,2000.0,-100.0,197.77247020510538,105.1433504,16700
19.43980902332595,197.7592360933038,105.1433504,-18.886947094570903,1.6077071855860738e-05,2000.0,100.0,2000.0,-100.0,197.7592360933038,105.1433504,16800
19.43650051447961,197.74600205791845,105.1433504,-18.886947094570903,1.6077071855860738e-05,2000.0,100.0,2000.0,-100.0,197.74600205791845,105.1433504,16900
19.433191986529216,197.73276794611687,105.1433504,-18.886947094570903,1.6077071855860738e-05,2000.0,100.0,2000.0,-100.0,197.73276794611687,105.1433504,17000
19.42988347768287,197.71953391073149,105.1433504,-18.886947094570903,1.6077071855860738e-05,2000.0,100.0,2000.0,-100.0,197.71953391073149,105.1433504,17100
19.426574968836533,197.70629987534613,105.1433504,-18.886947094570903,1.6077071855860738e-05,2000.0,100.0,2000.0,-100.0,197.70629987534613,105.1433504,17200
19.423266440886138,197.69306576354455,105.1433504,-18.886947094570903,1.6077071855860738e-05,2000.0,100.0,2000.0,-100.0,197.69306576354455,105.1433504,17300
19.4199579320398,197.6798317281592,105.1433504,-18.886947094570903,1.6077071855860738e-05,2000.0,100.0,2000.0,-100.0,197.6798317281592,105.1433504,17400
19.416649404089405,197.66659761635762,105.1433504,-18.886947094570903,1.6077071855860738e-05,2000.0,100.0,2000.0,-100.0,197.66659761635762,105.1433504,17500
19.413340895243067,197.65336358097227,105.1433504,-18.886947094570903,1.6077071855860738e-05,2000.0,100.0,2000.0,-100.0,197.65336358097227,105.1433504,17600
19.410032367292672,197.6401294691707,105.1433504,-18.886947094570903,1.6077071855860738e-05,2000.0,100.0,2000.0,-100.0,197.6401294691707,105.1433504,17700
19.406723858446334,197.62689543378534,105.1433504,-18.886947094570903,1.6077071855860738e-05,2000.0,100.0,2000.0,-100.0,197.62689543378534,105.1433504,17800
19.40341533049594,197.61366132198376,105.1433504,-18.886947094570903,1.6077071855860738e-05,2000.0,100.0,2000.0,-100.0,197.61366132198376,105.1433504,17900
19.400106821649597,197.6004272865984,105.1433504,-18.886947094570903,1.6077071855860738e-05,2000.0,100.0,2000.0,-100.0,197.6004272865984,105.1433504,18000
19.396798312803256,197.58719325121302,105.1433504,-18.886947094570903,1.6077071855860738e-05,2000.0,100.0,2000.0,-100.0,197.58719325121302,105.1433504,18100
19.393489784852864,197.57395913941144,105.1433504,-18.886947094570903,1.6077071855860738e-05,2000.0,100.0,2000.0,-100.0,197.57395913941144,105.1433504,18200
19.390181276006523,197.5607251040261,105.1433504,-18.886947094570903,1.6077071855860738e-05,2000.0,100.0,2000.0,-100.0,197.5607251040261,105.1433504,18300
19.386872748056135,197.54749099222454,105.1433504,-18.886947094570903,1.6077071855860738e-05,2000.0,100.0,2000.0,-100.0,197.54749099222454,105.1433504,18400
19.38356423920979,197.53425695683916,105.1433504,-18.886947094570903,1.6077071855860738e-05,2000.0,100.0,2000.0,-100.0,197.53425695683916,105.1433504,18500
19.3802557112594,197.5210228450376,105.1433504,-18.886947094570903,1.6077071855860738e-05,2000.0,100.0,2000.0,-100.0,197.5210228450376,105.1433504,18600
19.37694720241306,197.50778880965225,105.1433504,-18.886947094570903,1.6077071855860738e-05,2000.0,100.0,2000.0,-100.0,197.50778880965225,105.1433504,18700
19.37363867446267,197.49455469785067,105.1433504,-18.886947094570903,1.6077071855860738e-05,2000.0,100.0,2000.0,-100.0,197.49455469785067,105.1433504,18800
19.370330165616323,197.4813206624653,105.1433504,-18.886947094570903,1.6077071855860738e-05,2000.0,100.0,2000.0,-100.0,197.4813206624653,105.1433504,18900
19.36702163766593,197.4680865506637,105.1433504,-18.886947094570903,1.6077071855860738e-05,2000.0,100.0,2000.0,-100.0,197.4680865506637,105.1433504,19000
19.36371312881959,197.45485251527836,105.1433504,-18.886947094570903,1.6077071855860738e-05,2000.0,100.0,2000.0,-100.0,197.45485251527836,105.1433504,19100
19.360404619973252,197.441618479893,105.1433504,-18.886947094570903,1.6077071855860738e-05,2000.0,100.0,2000.0,-100.0,197.441618479893,105.1433504,19200
19.357096092022857,197.42838436809143,105.1433504,-18.886947094570903,1.6077071855860738e-05,2000.0,100.0,2000.0,-100.0,197.42838436809143,105.1433504,19300
19.35378758317652,197.41515033270608,105.1433504,-18.886947094570903,1.6077071855860738e-05,2000.0,100.0,2000.0,-100.0,197.41515033270608,105.1433504,19400
19.350479055226124,197.4019162209045,105.1433504,-18.886947094570903,1.6077071855860738e-05,2000.0,100.0,2000.0,-100.0,197.4019162209045,105.1433504,19500
19.347170546379786,197.38868218551914,105.1433504,-18.886947094570903,1.6077071855860738e-05,2000.0,100.0,2000.0,-100.0,197.38868218551914,105.1433504,19600
19.34386201842939,197.37544807371756,105.1433504,-18.886947094570903,1.6077071855860738e-05,2000.0,100.0,2000.0,-100.0,197.37544807371756,105.1433504,19700
19.340553509583046,197.36221403833218,105.1433504,-18.886947094570903,1.6077071855860738e-05,2000.0,100.0,2000.0,-100.0,197.36221403833218,105.1433504,19800
19.337244981632658,197.34897992653063,105.1433504,-18.886947094570903,1.6077071855860738e-05,2000.0,100.0,2000.0,-100.0,197.34897992653063,105.1433504,19900
19.333936472786313,197.33574589114525,105.1433504,-18.886947094570903,1.6077071855860738e-05,2000.0,100.0,2000.0,-100.0,197.33574589114525,105.1433504,20000
19.330627963939975,197.3225118557599,105.1433504,-18.886947094570903,1.6077071855860738e-05,2000.0,100.0,2000.0,-100.0,197.3225118557599,105.1433504,20100
19.327319435989583,197.30927774395832,105.1433504,-18.886947094570903,1.6077071855860738e-05,2000.0,100.0,2000.0,-100.0,197.30927774395832,105.1433504,20200
19.32401092714324,197.29604370857297,105.1433504,-18.886947094570903,1.6077071855860738e-05,2000.0,100.0,2000.0,-100.0,197.29604370857297,105.1433504,20300
19.32070239919285,197.28280959677141,105.1433504,-18.886947094570903,1.6077071855860738e-05,2000.0,100.0,2000.0,-100.0,197.28280959677141,105.1433504,20400
19.31739389034651,197.26957556138603,105.1433504,-18.886947094570903,1.6077071855860738e-05,2000.0,100.0,2000.0,-100.0,197.26957556138603,105.1433504,20500
19.31408536239612,197.25634144958448,105.1433504,-18.886947094570903,1.6077071855860738e-05,2000.0,100.0,2000.0,-100.0,197.25634144958448,105.1433504,20600
19.310776853549775,197.2431074141991,105.1433504,-18.886947094570903,1.6077071855860738e-05,2000.0,100.0,2000.0,-100.0,197.2431074141991,105.1433504,20700
19.30746832559938,197.22987330239752,105.1433504,-18.886947094570903,1.6077071855860738e-05,2000.0,100.0,2000.0,-100.0,197.22987330239752,105.1433504,20800
19.304159816753042,197.21663926701217,105.1433504,-18.886947094570903,1.6077071855860738e-05,2000.0,100.0,2000.0,-100.0,197.21663926701217,105.1433504,20900
19.3008513079067,197.2034052316268,105.1433504,-18.886947094570903,1.6077071855860738e-05,2000.0,100.0,2000.0,-100.0,197.2034052316268,105.1433504,21000
19.29754277995631,197.19017111982524,105.1433504,-18.886947094570903,1.6077071855860738e-05,2000.0,100.0,2000.0,-100.0,197.19017111982524,105.1433504,21100
19.29423427110997,197.17693708443988,105.1433504,-18.886947094570903,1.6077071855860738e-05,2000.0,100.0,2000.0,-100.0,197.17693708443988,105.1433504,21200
19.290925743159576,197.1637029726383,105.1433504,-18.886947094570903,1.6077071855860738e-05,2000.0,100.0,2000.0,-100.0,197.1637029726383,105.1433504,21300
19.287617234313238,197.15046893725295,105.1433504,-18.886947094570903,1.6077071855860738e-05,2000.0,100.0,2000.0,-100.0,197.15046893725295,105.1433504,21400
19.284308706362843,197.13723482545137,105.1433504,-18.886947094570903,1.6077071855860738e-05,2000.0,100.0,2000.0,-100.0,197.13723482545137,105.1433504,21500
19.281000197516498,197.124000790066,105.1433504,-18.886947094570903,1.6077071855860738e-05,2000.0,100.0,2000.0,-100.0,197.124000790066,105.1433504,21600
19.277691669566106,197.11076667826444,105.1433504,-18.886947094570903,1.6077071855860738e-05,2000.0,100.0,2000.0,-100.0,197.11076667826444,105.1433504,21700
19.274383160719765,197.09753264287906,105.1433504,-18.886947094570903,1.6077071855860738e-05,2000.0,100.0,2000.0,-100.0,197.09753264287906,105.1433504,21800
19.271074651873427,197.0842986074937,105.1433504,-18.886947094570903,1.6077071855860738e-05,2000.0,100.0,2000.0,-100.0,197.0842986074937,105.1433504,21900
19.267766123923032,197.07106449569213,105.1433504,-18.886947094570903,1.6077071855860738e-05,2000.0,100.0,2000.0,-100.0,197.07106449569213,105.1433504,22000
19.264457615076694,197.05783046030677,105.1433504,-18.886947094570903,1.6077071855860738e-05,2000.0,100.0,2000.0,-100.0,197.05783046030677,105.1433504,22100
19.2611490871263,197.0445963485052,105.1433504,-18.886947094570903,1.6077071855860738e-05,2000.0,100.0,2000.0,-100.0,197.0445963485052,105.1433504,22200
19.25784057827996,197.03136231311984,105.1433504,-18.886947094570903,1.6077071855860738e-05,2000.0,100.0,2000.0,-100.0,197.03136231311984,105.1433504,22300
19.25453205032957,197.0181282013183,105.1433504,-18.886947094570903,1.6077071855860738e-05,2000.0,100.0,2000.0,-100.0,197.0181282013183,105.1433504,22400
19.251223541483224,197.0048941659329,105.1433504,-18.886947094570903,1.6077071855860738e-05,2000.0,100.0,2000.0,-100.0,197.0048941659329,105.1433504,22500
19.247915032636882,196.99166013054753,105.1433504,-18.886947094570903,1.6077071855860738e-05,2000.0,100.0,2000.0,-100.0,196.99166013054753,105.1433504,22600
19.244606485582437,196.97842594232975,105.1433504,-18.886947094570903,1.6077071855860738e-05,2000.0,100.0,2000.0,-100.0,196.97842594232975,105.1433504,22700
19.2412979767361,196.9651919069444,105.1433504,-18.886947094570903,1.6077071855860738e-05,2000.0,100.0,2000.0,-100.0,196.9651919069444,105.1433504,22800
19.23798946788976,196.95195787155905,105.1433504,-18.886947094570903,1.6077071855860738e-05,2000.0,100.0,2000.0,-100.0,196.95195787155905,105.1433504,22900
19.23468095904342,196.93872383617366,105.1433504,-18.886947094570903,1.6077071855860738e-05,2000.0,100.0,2000.0,-100.0,196.93872383617366,105.1433504,23000
19.231372450197078,196.9254898007883,105.1433504,-18.886947094570903,1.6077071855860738e-05,2000.0,100.0,2000.0,-100.0,196.9254898007883,105.1433504,23100
19.228063903142633,196.91225561257053,105.1433504,-18.886947094570903,1.6077071855860738e-05,2000.0,100.0,2000.0,-100.0,196.91225561257053,105.1433504,23200
19.224755394296295,196.89902157718518,105.1433504,-18.886947094570903,1.6077071855860738e-05,2000.0,100.0,2000.0,-100.0,196.89902157718518,105.1433504,23300
19.22144688544995,196.8857875417998,105.1433504,-18.886947094570903,1.6077071855860738e-05,2000.0,100.0,2000.0,-100.0,196.8857875417998,105.1433504,23400
19.218138376603612,196.87255350641445,105.1433504,-18.886947094570903,1.6077071855860738e-05,2000.0,100.0,2000.0,-100.0,196.87255350641445,105.1433504,23500
19.214829829549167,196.85931931819667,105.1433504,-18.886947094570903,1.6077071855860738e-05,2000.0,100.0,2000.0,-100.0,196.85931931819667,105.1433504,23600
19.211521320702822,196.8460852828113,105.1433504,-18.886947094570903,1.6077071855860738e-05,2000.0,100.0,2000.0,-100.0,196.8460852828113,105.1433504,23700
19.208212811856484,196.83285124742594,105.1433504,-18.886947094570903,1.6077071855860738e-05,2000.0,100.0,2000.0,-100.0,196.83285124742594,105.1433504,23800
19.204904303010146,196.81961721204058,105.1433504,-18.886947094570903,1.6077071855860738e-05,2000.0,100.0,2000.0,-100.0,196.81961721204058,105.1433504,23900
19.201595794163808,196.80638317665523,105.1433504,-18.886947094570903,1.6077071855860738e-05,2000.0,100.0,2000.0,-100.0,196.80638317665523,105.1433504,24000
19.19828724710936,196.79314898843745,105.1433504,-18.886947094570903,1.6077071855860738e-05,2000.0,100.0,2000.0,-100.0,196.79314898843745,105.1433504,24100
19.194978738263018,196.77991495305207,105.1433504,-18.886947094570903,1.6077071855860738e-05,2000.0,100.0,2000.0,-100.0,196.77991495305207,105.1433504,24200
19.191670229416673,196.7666809176667,105.1433504,-18.886947094570903,1.6077071855860738e-05,2000.0,100.0,2000.0,-100.0,196.7666809176667,105.1433504,24300
19.188361720570335,196.75344688228134,105.1433504,-18.886947094570903,1.6077071855860738e-05,2000.0,100.0,2000.0,-100.0,196.75344688228134,105.1433504,24400
19.18505317351589,196.74021269406356,105.1433504,-18.886947094570903,1.6077071855860738e-05,2000.0,100.0,2000.0,-100.0,196.74021269406356,105.1433504,24500
19.18174466466955,196.7269786586782,105.1433504,-18.886947094570903,1.6077071855860738e-05,2000.0,100.0,2000.0,-100.0,196.7269786586782,105.1433504,24600
19.17843615582321,196.71374462329283,105.1433504,-18.886947094570903,1.6077071855860738e-05,2000.0,100.0,2000.0,-100.0,196.71374462329283,105.1433504,24700
19.17512764697687,196.70051058790747,105.1433504,-18.886947094570903,1.6077071855860738e-05,2000.0,100.0,2000.0,-100.0,196.70051058790747,105.1433504,24800
19.17181913813053,196.68727655252212,105.1433504,-18.886947094570903,1.6077071855860738e-05,2000.0,100.0,2000.0,-100.0,196.68727655252212,105.1433504,24900
19.168510591076085,196.67404236430434,105.1433504,-18.886947094570903,1.6077071855860738e-05,2000.0,100.0,2000.0,-100.0,196.67404236430434,105.1433504,25000
19.165202082229747,196.660808328919,105.1433504,-18.886947094570903,1.6077071855860738e-05,2000.0,100.0,2000.0,-100.0,196.660808328919,105.1433504,25100
19.161893573383402,196.6475742935336,105.1433504,-18.886947094570903,1.6077071855860738e-05,2000.0,100.0,2000.0,-100.0,196.6475742935336,105.1433504,25200
19.15858506453706,196.63434025814826,105.1433504,-18.886947094570903,1.6077071855860738e-05,2000.0,100.0,2000.0,-100.0,196.63434025814826,105.1433504,25300
19.155276517482616,196.62110606993048,105.1433504,-18.886947094570903,1.6077071855860738e-05,2000.0,100.0,2000.0,-100.0,196.62110606993048,105.1433504,25400
19.151968008636274,196.6078720345451,105.1433504,-18.886947094570903,1.6077071855860738e-05,2000.0,100.0,2000.0,-100.0,196.6078720345451,105.1433504,25500
19.148659499789936,196.59463799915974,105.1433504,-18.886947094570903,1.6077071855860738e-05,2000.0,100.0,2000.0,-100.0,196.59463799915974,105.1433504,25600
19.14534892770589,196.58139571082356,105.1433504,-18.886947094570903,1.6077071855860738e-05,2000.0,100.0,2000.0,-100.0,196.58139571082356,105.1433504,25700
19.14203824099753,196.56815296399012,105.1433504,-18.886947094570903,1.6077071855860738e-05,2000.0,100.0,2000.0,-100.0,196.56815296399012,105.1433504,25800
19.13872755428917,196.55491021715667,105.1433504,-18.886947094570903,1.6077071855860738e-05,2000.0,100.0,2000.0,-100.0,196.55491021715667,105.1433504,25900
19.13541686758081,196.54166747032323,105.1433504,-18.886947094570903,1.6077071855860738e-05,2000.0,100.0,2000.0,-100.0,196.54166747032323,105.1433504,26000
19.132106180872448,196.5284247234898,105.1433504,-18.886947094570903,1.6077071855860738e-05,2000.0,100.0,2000.0,-100.0,196.5284247234898,105.1433504,26100
19.128795494164088,196.51518197665635,105.1433504,-18.886947094570903,1.6077071855860738e-05,2000.0,100.0,2000.0,-100.0,196.51518197665635,105.1433504,26200
19.125484807455724,196.50193922982288,105.1433504,-18.886947094570903,1.6077071855860738e-05,2000.0,100.0,2000.0,-100.0,196.50193922982288,105.1433504,26300
19.122174120747363,196.48869648298944,105.1433504,-18.886947094570903,1.6077071855860738e-05,2000.0,100.0,2000.0,-100.0,196.48869648298944,105.1433504,26400
19.1188633958309,196.4754535833236,105.1433504,-18.886947094570903,1.6077071855860738e-05,2000.0,100.0,2000.0,-100.0,196.4754535833236,105.1433504,26500
19.11555270912254,196.46221083649016,105.1433504,-18.886947094570903,1.6077071855860738e-05,2000.0,100.0,2000.0,-100.0,196.46221083649016,105.1433504,26600
19.11224202241418,196.44896808965672,105.1433504,-18.886947094570903,1.6077071855860738e-05,2000.0,100.0,2000.0,-100.0,196.44896808965672,105.1433504,26700
19.10893133570582,196.43572534282328,105.1433504,-18.886947094570903,1.6077071855860738e-05,2000.0,100.0,2000.0,-100.0,196.43572534282328,105.1433504,26800
19.10562064899746,196.42248259598983,105.1433504,-18.886947094570903,1.6077071855860738e-05,2000.0,100.0,2000.0,-100.0,196.42248259598983,105.1433504,26900
19.10230996228909,196.40923984915636,105.1433504,-18.886947094570903,1.6077071855860738e-05,2000.0,100.0,2000.0,-100.0,196.40923984915636,105.1433504,27000
19.09899927558073,196.39599710232292,105.1433504,-18.886947094570903,1.6077071855860738e-05,2000.0,100.0,2000.0,-100.0,196.39599710232292,105.1433504,27100
19.09568858887237,196.38275435548948,105.1433504,-18.886947094570903,1.6077071855860738e-05,2000.0,100.0,2000.0,-100.0,196.38275435548948,105.1433504,27200
19.09237790216401,196.36951160865604,105.1433504,-18.886947094570903,1.6077071855860738e-05,2000.0,100.0,2000.0,-100.0,196.36951160865604,105.1433504,27300
19.089067177247543,196.35626870899017,105.1433504,-18.886947094570903,1.6077071855860738e-05,2000.0,100.0,2000.0,-100.0,196.35626870899017,105.1433504,27400
19.085756490539183,196.34302596215673,105.1433504,-18.886947094570903,1.6077071855860738e-05,2000.0,100.0,2000.0,-100.0,196.34302596215673,105.1433504,27500
19.082445803830822,196.3297832153233,105.1433504,-18.886947094570903,1.6077071855860738e-05,2000.0,100.0,2000.0,-100.0,196.3297832153233,105.1433504,27600
19.079135117122462,196.31654046848985,105.1433504,-18.886947094570903,1.6077071855860738e-05,2000.0,100.0,2000.0,-100.0,196.31654046848985,105.1433504,27700
19.0758244304141,196.3032977216564,105.1433504,-18.886947094570903,1.6077071855860738e-05,2000.0,100.0,2000.0,-100.0,196.3032977216564,105.1433504,27800
19.072513743705734,196.29005497482294,105.1433504,-18.886947094570903,1.6077071855860738e-05,2000.0,100.0,2000.0,-100.0,196.29005497482294,105.1433504,27900
19.069203056997374,196.2768122279895,105.1433504,-18.886947094570903,1.6077071855860738e-05,2000.0,100.0,2000.0,-100.0,196.2768122279895,105.1433504,28000
19.065892370289014,196.26356948115605,105.1433504,-18.886947094570903,1.6077071855860738e-05,2000.0,100.0,2000.0,-100.0,196.26356948115605,105.1433504,28100
19.062581683580653,196.2503267343226,105.1433504,-18.886947094570903,1.6077071855860738e-05,2000.0,100.0,2000.0,-100.0,196.2503267343226,105.1433504,28200
19.059270958664186,196.23708383465674,105.1433504,-18.886947094570903,1.6077071855860738e-05,2000.0,100.0,2000.0,-100.0,196.23708383465674,105.1433504,28300
19.055960271955826,196.2238410878233,105.1433504,-18.886947094570903,1.6077071855860738e-05,2000.0,100.0,2000.0,-100.0,196.2238410878233,105.1433504,28400
19.052649585247465,196.21059834098986,105.1433504,-18.886947094570903,1.6077071855860738e-05,2000.0,100.0,2000.0,-100.0,196.21059834098986,105.1433504,28500
19.049338898539105,196.19735559415642,105.1433504,-18.886947094570903,1.6077071855860738e-05,2000.0,100.0,2000.0,-100.0,196.19735559415642,105.1433504,28600
19.046028211830745,196.18411284732298,105.1433504,-18.886947094570903,1.6077071855860738e-05,2000.0,100.0,2000.0,-100.0,196.18411284732298,105.1433504,28700
19.04271752512238,196.17087010048954,105.1433504,-18.886947094570903,1.6077071855860738e-05,2000.0,100.0,2000.0,-100.0,196.17087010048954,105.1433504,28800
19.03940683841402,196.1576273536561,105.1433504,-18.886947094570903,1.6077071855860738e-05,2000.0,100.0,2000.0,-100.0,196.1576273536561,105.1433504,28900
19.03609615170566,196.14438460682265,105.1433504,-18.886947094570903,1.6077071855860738e-05,2000.0,100.0,2000.0,-100.0,196.14438460682265,105.1433504,29000
19.0327854649973,196.1311418599892,105.1433504,-18.886947094570903,1.6077071855860738e-05,2000.0,100.0,2000.0,-100.0,196.1311418599892,105.1433504,29100
19.029474740080836,196.11789896032334,105.1433504,-18.886947094570903,1.6077071855860738e-05,2000.0,100.0,2000.0,-100.0,196.11789896032334,105.1433504,29200
19.026164053372476,196.1046562134899,105.1433504,-18.886947094570903,1.6077071855860738e-05,2000.0,100.0,2000.0,-100.0,196.1046562134899,105.1433504,29300
19.022853366664112,196.09141346665643,105.1433504,-18.886947094570903,1.6077071855860738e-05,2000.0,100.0,2000.0,-100.0,196.09141346665643,105.1433504,29400
19.01954267995575,196.078170719823,105.1433504,-18.886947094570903,1.6077071855860738e-05,2000.0,100.0,2000.0,-100.0,196.078170719823,105.1433504,29500
19.01623199324739,196.06492797298955,105.1433504,-18.886947094570903,1.6077071855860738e-05,2000.0,100.0,2000.0,-100.0,196.06492797298955,105.1433504,29600
19.012921306539027,196.0516852261561,105.1433504,-18.886947094570903,1.6077071855860738e-05,2000.0,100.0,2000.0,-100.0,196.0516852261561,105.1433504,29700
19.009610619830667,196.03844247932267,105.1433504,-18.886947094570903,1.6077071855860738e-05,2000.0,100.0,2000.0,-100.0,196.03844247932267,105.1433504,29800
19.006299933122307,196.02519973248923,105.1433504,-18.886947094570903,1.6077071855860738e-05,2000.0,100.0,2000.0,-100.0,196.02519973248923,105.1433504,29900
19.002989246413946,196.0119569856558,105.1433504,-18.886947094570903,1.6077071855860738e-05,2000.0,100.0,2000.0,-100.0,196.0119569856558,105.1433504,30000
18.99967852149748,195.99871408598992,105.1433504,-18.886947094570903,1.6077071855860738e-05,2000.0,100.0,2000.0,-100.0,195.99871408598992,105.1433504,30100
18.99636783478912,195.98547133915648,105.1433504,-18.886947094570903,1.6077071855860738e-05,2000.0,100.0,2000.0,-100.0,195.98547133915648,105.1433504,30200
18.99305714808076,195.97222859232303,105.1433504,-18.886947094570903,1.6077071855860738e-05,2000.0,100.0,2000.0,-100.0,195.97222859232303,105.1433504,30300
18.9897464613724,195.9589858454896,105.1433504,-18.886947094570903,1.6077071855860738e-05,2000.0,100.0,2000.0,-100.0,195.9589858454896,105.1433504,30400
18.986435774664038,195.94574309865615,105.1433504,-18.886947094570903,1.6077071855860738e-05,2000.0,100.0,2000.0,-100.0,195.94574309865615,105.1433504,30500
18.98312508795567,195.93250035182268,105.1433504,-18.886947094570903,1.6077071855860738e-05,2000.0,100.0,2000.0,-100.0,195.93250035182268,105.1433504,30600
18.97981440124731,195.91925760498924,105.1433504,-18.886947094570903,1.6077071855860738e-05,2000.0,100.0,2000.0,-100.0,195.91925760498924,105.1433504,30700
18.97650371453895,195.9060148581558,105.1433504,-18.886947094570903,1.6077071855860738e-05,2000.0,100.0,2000.0,-100.0,195.9060148581558,105.1433504,30800
18.973192989622483,195.89277195848993,105.1433504,-18.886947094570903,1.6077071855860738e-05,2000.0,100.0,2000.0,-100.0,195.89277195848993,105.1433504,30900
18.969882302914122,195.8795292116565,105.1433504,-18.886947094570903,1.6077071855860738e-05,2000.0,100.0,2000.0,-100.0,195.8795292116565,105.1433504,31000
18.966571616205762,195.86628646482305,105.1433504,-18.886947094570903,1.6077071855860738e-05,2000.0,100.0,2000.0,-100.0,195.86628646482305,105.1433504,31100
18.9632609294974,195.8530437179896,105.1433504,-18.886947094570903,1.6077071855860738e-05,2000.0,100.0,2000.0,-100.0,195.8530437179896,105.1433504,31200
18.95995024278904,195.83980097115617,105.1433504,-18.886947094570903,1.6077071855860738e-05,2000.0,100.0,2000.0,-100.0,195.83980097115617,105.1433504,31300
18.95663955608068,195.82655822432272,105.1433504,-18.886947094570903,1.6077071855860738e-05,2000.0,100.0,2000.0,-100.0,195.82655822432272,105.1433504,31400
18.953328869372317,195.81331547748925,105.1433504,-18.886947094570903,1.6077071855860738e-05,2000.0,100.0,2000.0,-100.0,195.81331547748925,105.1433504,31500
18.950018182663957,195.8000727306558,105.1433504,-18.886947094570903,1.6077071855860738e-05,2000.0,100.0,2000.0,-100.0,195.8000727306558,105.1433504,31600
18.946707495955593,195.78682998382237,105.1433504,-18.886947094570903,1.6077071855860738e-05,2000.0,100.0,2000.0,-100.0,195.78682998382237,105.1433504,31700
18.94339677103913,195.77358708415653,105.1433504,-18.886947094570903,1.6077071855860738e-05,2000.0,100.0,2000.0,-100.0,195.77358708415653,105.1433504,31800
18.94008608433077,195.7603443373231,105.1433504,-18.886947094570903,1.6077071855860738e-05,2000.0,100.0,2000.0,-100.0,195.7603443373231,105.1433504,31900
18.93677539762241,195.74710159048965,105.1433504,-18.886947094570903,1.6077071855860738e-05,2000.0,100.0,2000.0,-100.0,195.74710159048965,105.1433504,32000
18.93346471091405,195.7338588436562,105.1433504,-18.886947094570903,1.6077071855860738e-05,2000.0,100.0,2000.0,-100.0,195.7338588436562,105.1433504,32100
18.930154024205688,195.72061609682277,105.1433504,-18.886947094570903,1.6077071855860738e-05,2000.0,100.0,2000.0,-100.0,195.72061609682277,105.1433504,32200
18.926843337497328,195.70737334998933,105.1433504,-18.886947094570903,1.6077071855860738e-05,2000.0,100.0,2000.0,-100.0,195.70737334998933,105.1433504,32300
18.923532650788964,195.69413060315586,105.1433504,-18.886947094570903,1.6077071855860738e-05,2000.0,100.0,2000.0,-100.0,195.69413060315586,105.1433504,32400
18.920221964080604,195.6808878563224,105.1433504,-18.886947094570903,1.6077071855860738e-05,2000.0,100.0,2000.0,-100.0,195.6808878563224,105.1433504,32500
18.916911277372243,195.66764510948897,105.1433504,-18.886947094570903,1.6077071855860738e-05,2000.0,100.0,2000.0,-100.0,195.66764510948897,105.1433504,32600
18.913600552455776,195.6544022098231,105.1433504,-18.886947094570903,1.6077071855860738e-05,2000.0,100.0,2000.0,-100.0,195.6544022098231,105.1433504,32700
18.910289865747416,195.64115946298966,105.1433504,-18.886947094570903,1.6077071855860738e-05,2000.0,100.0,2000.0,-100.0,195.64115946298966,105.1433504,32800
18.906979179039055,195.62791671615622,105.1433504,-18.886947094570903,1.6077071855860738e-05,2000.0,100.0,2000.0,-100.0,195.62791671615622,105.1433504,32900
18.903668492330695,195.61467396932278,105.1433504,-18.886947094570903,1.6077071855860738e-05,2000.0,100.0,2000.0,-100.0,195.61467396932278,105.1433504,33000
18.900357805622335,195.60143122248934,105.1433504,-18.886947094570903,1.6077071855860738e-05,2000.0,100.0,2000.0,-100.0,195.60143122248934,105.1433504,33100
18.897047118913974,195.5881884756559,105.1433504,-18.886947094570903,1.6077071855860738e-05,2000.0,100.0,2000.0,-100.0,195.5881884756559,105.1433504,33200
18.893736432205607,195.57494572882243,105.1433504,-18.886947094570903,1.6077071855860738e-05,2000.0,100.0,2000.0,-100.0,195.57494572882243,105.1433504,33300
18.890425745497247,195.561702981989,105.1433504,-18.886947094570903,1.6077071855860738e-05,2000.0,100.0,2000.0,-100.0,195.561702981989,105.1433504,33400
18.887115058788886,195.54846023515555,105.1433504,-18.886947094570903,1.6077071855860738e-05,2000.0,100.0,2000.0,-100.0,195.54846023515555,105.1433504,33500
18.88380433387242,195.53521733548968,105.1433504,-18.886947094570903,1.6077071855860738e-05,2000.0,100.0,2000.0,-100.0,195.53521733548968,105.1433504,33600
18.88049364716406,195.52197458865624,105.1433504,-18.886947094570903,1.6077071855860738e-05,2000.0,100.0,2000.0,-100.0,195.52197458865624,105.1433504,33700
18.8771829604557,195.5087318418228,105.1433504,-18.886947094570903,1.6077071855860738e-05,2000.0,100.0,2000.0,-100.0,195.5087318418228,105.1433504,33800
18.873872273747338,195.49548909498935,105.1433504,-18.886947094570903,1.6077071855860738e-05,2000.0,100.0,2000.0,-100.0,195.49548909498935,105.1433504,33900
18.870561587038978,195.4822463481559,105.1433504,-18.886947094570903,1.6077071855860738e-05,2000.0,100.0,2000.0,-100.0,195.4822463481559,105.1433504,34000
18.867250900330617,195.46900360132247,105.1433504,-18.886947094570903,1.6077071855860738e-05,2000.0,100.0,2000.0,-100.0,195.46900360132247,105.1433504,34100
18.86394021362225,195.455760854489,105.1433504,-18.886947094570903,1.6077071855860738e-05,2000.0,100.0,2000.0,-100.0,195.455760854489,105.1433504,34200
18.86062952691389,195.44251810765556,105.1433504,-18.886947094570903,1.6077071855860738e-05,2000.0,100.0,2000.0,-100.0,195.44251810765556,105.1433504,34300
18.85731884020553,195.42927536082212,105.1433504,-18.886947094570903,1.6077071855860738e-05,2000.0,100.0,2000.0,-100.0,195.42927536082212,105.1433504,34400
18.854008115289066,195.41603246115625,105.1433504,-18.886947094570903,1.6077071855860738e-05,2000.0,100.0,2000.0,-100.0,195.41603246115625,105.1433504,34500
18.850697428580705,195.4027897143228,105.1433504,-18.886947094570903,1.6077071855860738e-05,2000.0,100.0,2000.0,-100.0,195.4027897143228,105.1433504,34600
18.847386741872345,195.38954696748937,105.1433504,-18.886947094570903,1.6077071855860738e-05,2000.0,100.0,2000.0,-100.0,195.38954696748937,105.1433504,34700
18.84407605516398,195.37630422065592,105.1433504,-18.886947094570903,1.6077071855860738e-05,2000.0,100.0,2000.0,-100.0,195.37630422065592,105.1433504,34800
18.84076536845562,195.36306147382248,105.1433504,-18.886947094570903,1.6077071855860738e-05,2000.0,100.0,2000.0,-100.0,195.36306147382248,105.1433504,34900
18.83745468174726,195.34981872698904,105.1433504,-18.886947094570903,1.6077071855860738e-05,2000.0,100.0,2000.0,-100.0,195.34981872698904,105.1433504,35000
18.8341439950389,195.3365759801556,105.1433504,-18.886947094570903,1.6077071855860738e-05,2000.0,100.0,2000.0,-100.0,195.3365759801556,105.1433504,35100
18.83083330833054,195.32333323332216,105.1433504,-18.886947094570903,1.6077071855860738e-05,2000.0,100.0,2000.0,-100.0,195.32333323332216,105.1433504,35200
18.82752262162218,195.31009048648872,105.1433504,-18.886947094570903,1.6077071855860738e-05,2000.0,100.0,2000.0,-100.0,195.31009048648872,105.1433504,35300
18.824211896705712,195.29684758682285,105.1433504,-18.886947094570903,1.6077071855860738e-05,2000.0,100.0,2000.0,-100.0,195.29684758682285,105.1433504,35400
18.820901209997352,195.2836048399894,105.1433504,-18.886947094570903,1.6077071855860738e-05,2000.0,100.0,2000.0,-100.0,195.2836048399894,105.1433504,35500
18.81759052328899,195.27036209315597,105.1433504,-18.886947094570903,1.6077071855860738e-05,2000.0,100.0,2000.0,-100.0,195.27036209315597,105.1433504,35600
18.81427983658063,195.25711934632253,105.1433504,-18.886947094570903,1.6077071855860738e-05,2000.0,100.0,2000.0,-100.0,195.25711934632253,105.1433504,35700
18.81096914987227,195.24387659948908,105.1433504,-18.886947094570903,1.6077071855860738e-05,2000.0,100.0,2000.0,-100.0,195.24387659948908,105.1433504,35800
18.80765846316391,195.23063385265564,105.1433504,-18.886947094570903,1.6077071855860738e-05,2000.0,100.0,2000.0,-100.0,195.23063385265564,105.1433504,35900
18.804347776455543,195.21739110582217,105.1433504,-18.886947094570903,1.6077071855860738e-05,2000.0,100.0,2000.0,-100.0,195.21739110582217,105.1433504,36000
18.801037089747183,195.20414835898873,105.1433504,-18.886947094570903,1.6077071855860738e-05,2000.0,100.0,2000.0,-100.0,195.20414835898873,105.1433504,36100
18.797726403038823,195.1909056121553,105.1433504,-18.886947094570903,1.6077071855860738e-05,2000.0,100.0,2000.0,-100.0,195.1909056121553,105.1433504,36200
18.794415678122355,195.17766271248942,105.1433504,-18.886947094570903,1.6077071855860738e-05,2000.0,100.0,2000.0,-100.0,195.17766271248942,105.1433504,36300
18.791104991413995,195.16441996565598,105.1433504,-18.886947094570903,1.6077071855860738e-05,2000.0,100.0,2000.0,-100.0,195.16441996565598,105.1433504,36400
18.787794304705635,195.15117721882254,105.1433504,-18.886947094570903,1.6077071855860738e-05,2000.0,100.0,2000.0,-100.0,195.15117721882254,105.1433504,36500
18.784483617997275,195.1379344719891,105.1433504,-18.886947094570903,1.6077071855860738e-05,2000.0,100.0,2000.0,-100.0,195.1379344719891,105.1433504,36600
18.781172931288914,195.12469172515566,105.1433504,-18.886947094570903,1.6077071855860738e-05,2000.0,100.0,2000.0,-100.0,195.12469172515566,105.1433504,36700
18.777862244580554,195.11144897832222,105.1433504,-18.886947094570903,1.6077071855860738e-05,2000.0,100.0,2000.0,-100.0,195.11144897832222,105.1433504,36800
18.774551557872186,195.09820623148875,105.1433504,-18.886947094570903,1.6077071855860738e-05,2000.0,100.0,2000.0,-100.0,195.09820623148875,105.1433504,36900
18.771240871163826,195.0849634846553,105.1433504,-18.886947094570903,1.6077071855860738e-05,2000.0,100.0,2000.0,-100.0,195.0849634846553,105.1433504,37000
18.767930184455466,195.07172073782186,105.1433504,-18.886947094570903,1.6077071855860738e-05,2000.0,100.0,2000.0,-100.0,195.07172073782186,105.1433504,37100
18.764619459539,195.058477838156,105.1433504,-18.886947094570903,1.6077071855860738e-05,2000.0,100.0,2000.0,-100.0,195.058477838156,105.1433504,37200
18.76130877283064,195.04523509132255,105.1433504,-18.886947094570903,1.6077071855860738e-05,2000.0,100.0,2000.0,-100.0,195.04523509132255,105.1433504,37300
18.757998086122278,195.0319923444891,105.1433504,-18.886947094570903,1.6077071855860738e-05,2000.0,100.0,2000.0,-100.0,195.0319923444891,105.1433504,37400
18.754687399413918,195.01874959765567,105.1433504,-18.886947094570903,1.6077071855860738e-05,2000.0,100.0,2000.0,-100.0,195.01874959765567,105.1433504,37500
18.751376712705557,195.00550685082223,105.1433504,-18.886947094570903,1.6077071855860738e-05,2000.0,100.0,2000.0,-100.0,195.00550685082223,105.1433504,37600
18.748066025997197,194.9922641039888,105.1433504,-18.886947094570903,1.6077071855860738e-05,2000.0,100.0,2000.0,-100.0,194.9922641039888,105.1433504,37700
18.744755339288837,194.97902135715535,105.1433504,-18.886947094570903,1.6077071855860738e-05,2000.0,100.0,2000.0,-100.0,194.97902135715535,105.1433504,37800
18.741444652580476,194.9657786103219,105.1433504,-18.886947094570903,1.6077071855860738e-05,2000.0,100.0,2000.0,-100.0,194.9657786103219,105.1433504,37900
18.738133965872112,194.95253586348844,105.1433504,-18.886947094570903,1.6077071855860738e-05,2000.0,100.0,2000.0,-100.0,194.95253586348844,105.1433504,38000
18.73484410767624,194.93937643070495,105.1433504,-18.886947094570903,1.6077071855860738e-05,2000.0,100.0,2000.0,-100.0,194.93937643070495,105.1433504,38100
18.73156819883553,194.92627279534213,105.1433504,-18.886947094570903,1.6077071855860738e-05,2000.0,100.0,2000.0,-100.0,194.92627279534213,105.1433504,38200
18.72829228999482,194.91316915997928,105.1433504,-18.886947094570903,1.6077071855860738e-05,2000.0,100.0,2000.0,-100.0,194.91316915997928,105.1433504,38300
18.72501638115411,194.90006552461642,105.1433504,-18.886947094570903,1.6077071855860738e-05,2000.0,100.0,2000.0,-100.0,194.90006552461642,105.1433504,38400
18.721740472313396,194.8869618892536,105.1433504,-18.886947094570903,1.6077071855860738e-05,2000.0,100.0,2000.0,-100.0,194.8869618892536,105.1433504,38500
18.718464563472693,194.87385825389077,105.1433504,-18.886947094570903,1.6077071855860738e-05,2000.0,100.0,2000.0,-100.0,194.87385825389077,105.1433504,38600
18.71518865463198,194.86075461852792,105.1433504,-18.886947094570903,1.6077071855860738e-05,2000.0,100.0,2000.0,-100.0,194.86075461852792,105.1433504,38700
18.711912745791267,194.84765098316507,105.1433504,-18.886947094570903,1.6077071855860738e-05,2000.0,100.0,2000.0,-100.0,194.84765098316507,105.1433504,38800
18.70863683695056,194.83454734780224,105.1433504,-18.886947094570903,1.6077071855860738e-05,2000.0,100.0,2000.0,-100.0,194.83454734780224,105.1433504,38900
18.705360889901744,194.82144355960696,105.1433504,-18.886947094570903,1.6077071855860738e-05,2000.0,100.0,2000.0,-100.0,194.82144355960696,105.1433504,39000
18.702084981061034,194.80833992424414,105.1433504,-18.886947094570903,1.6077071855860738e-05,2000.0,100.0,2000.0,-100.0,194.80833992424414,105.1433504,39100
18.698809072220328,194.7952362888813,105.1433504,-18.886947094570903,1.6077071855860738e-05,2000.0,100.0,2000.0,-100.0,194.7952362888813,105.1433504,39200
18.695533163379615,194.78213265351846,105.1433504,-18.886947094570903,1.6077071855860738e-05,2000.0,100.0,2000.0,-100.0,194.78213265351846,105.1433504,39300
18.6922572545389,194.7690290181556,105.1433504,-18.886947094570903,1.6077071855860738e-05,2000.0,100.0,2000.0,-100.0,194.7690290181556,105.1433504,39400
18.688981345698195,194.75592538279278,105.1433504,-18.886947094570903,1.6077071855860738e-05,2000.0,100.0,2000.0,-100.0,194.75592538279278,105.1433504,39500
18.685705436857482,194.74282174742993,105.1433504,-18.886947094570903,1.6077071855860738e-05,2000.0,100.0,2000.0,-100.0,194.74282174742993,105.1433504,39600
18.682429528016776,194.7297181120671,105.1433504,-18.886947094570903,1.6077071855860738e-05,2000.0,100.0,2000.0,-100.0,194.7297181120671,105.1433504,39700
18.679153619176063,194.71661447670425,105.1433504,-18.886947094570903,1.6077071855860738e-05,2000.0,100.0,2000.0,-100.0,194.71661447670425,105.1433504,39800
18.67587767212725,194.703510688509,105.1433504,-18.886947094570903,1.6077071855860738e-05,2000.0,100.0,2000.0,-100.0,194.703510688509,105.1433504,39900
18.672601763286544,194.69040705314617,105.1433504,-18.886947094570903,1.6077071855860738e-05,2000.0,100.0,2000.0,-100.0,194.69040705314617,105.1433504,40000
18.66932585444583,194.67730341778332,105.1433504,-18.886947094570903,1.6077071855860738e-05,2000.0,100.0,2000.0,-100.0,194.67730341778332,105.1433504,40100
18.666049945605124,194.6641997824205,105.1433504,-18.886947094570903,1.6077071855860738e-05,2000.0,100.0,2000.0,-100.0,194.6641997824205,105.1433504,40200
18.66277403676441,194.65109614705764,105.1433504,-18.886947094570903,1.6077071855860738e-05,2000.0,100.0,2000.0,-100.0,194.65109614705764,105.1433504,40300
18.659498127923705,194.63799251169482,105.1433504,-18.886947094570903,1.6077071855860738e-05,2000.0,100.0,2000.0,-100.0,194.63799251169482,105.1433504,40400
18.65622221908299,194.62488887633197,105.1433504,-18.886947094570903,1.6077071855860738e-05,2000.0,100.0,2000.0,-100.0,194.62488887633197,105.1433504,40500
18.652946310242278,194.6117852409691,105.1433504,-18.886947094570903,1.6077071855860738e-05,2000.0,100.0,2000.0,-100.0,194.6117852409691,105.1433504,40600
18.649670401401572,194.5986816056063,105.1433504,-18.886947094570903,1.6077071855860738e-05,2000.0,100.0,2000.0,-100.0,194.5986816056063,105.1433504,40700
18.64639445435276,194.58557781741104,105.1433504,-18.886947094570903,1.6077071855860738e-05,2000.0,100.0,2000.0,-100.0,194.58557781741104,105.1433504,40800
18.643118545512046,194.57247418204818,105.1433504,-18.886947094570903,1.6077071855860738e-05,2000.0,100.0,2000.0,-100.0,194.57247418204818,105.1433504,40900
18.63984263667134,194.55937054668536,105.1433504,-18.886947094570903,1.6077071855860738e-05,2000.0,100.0,2000.0,-100.0,194.55937054668536,105.1433504,41000
18.636566727830626,194.5462669113225,105.1433504,-18.886947094570903,1.6077071855860738e-05,2000.0,100.0,2000.0,-100.0,194.5462669113225,105.1433504,41100
18.633290818989913,194.53316327595965,105.1433504,-18.886947094570903,1.6077071855860738e-05,2000.0,100.0,2000.0,-100.0,194.53316327595965,105.1433504,41200
18.63001491014921,194.52005964059686,105.1433504,-18.886947094570903,1.6077071855860738e-05,2000.0,100.0,2000.0,-100.0,194.52005964059686,105.1433504,41300
18.626739001308497,194.50695600523397,105.1433504,-18.886947094570903,1.6077071855860738e-05,2000.0,100.0,2000.0,-100.0,194.50695600523397,105.1433504,41400
18.623463092467787,194.49385236987115,105.1433504,-18.886947094570903,1.6077071855860738e-05,2000.0,100.0,2000.0,-100.0,194.49385236987115,105.1433504,41500
18.62018718362708,194.48074873450832,105.1433504,-18.886947094570903,1.6077071855860738e-05,2000.0,100.0,2000.0,-100.0,194.48074873450832,105.1433504,41600
18.61691123657826,194.46764494631304,105.1433504,-18.886947094570903,1.6077071855860738e-05,2000.0,100.0,2000.0,-100.0,194.46764494631304,105.1433504,41700
18.613635327737555,194.45454131095022,105.1433504,-18.886947094570903,1.6077071855860738e-05,2000.0,100.0,2000.0,-100.0,194.45454131095022,105.1433504,41800
18.610359418896845,194.4414376755874,105.1433504,-18.886947094570903,1.6077071855860738e-05,2000.0,100.0,2000.0,-100.0,194.4414376755874,105.1433504,41900
18.607083510056135,194.42833404022454,105.1433504,-18.886947094570903,1.6077071855860738e-05,2000.0,100.0,2000.0,-100.0,194.42833404022454,105.1433504,42000
18.603807601215422,194.4152304048617,105.1433504,-18.886947094570903,1.6077071855860738e-05,2000.0,100.0,2000.0,-100.0,194.4152304048617,105.1433504,42100
18.600531692374716,194.40212676949886,105.1433504,-18.886947094570903,1.6077071855860738e-05,2000.0,100.0,2000.0,-100.0,194.40212676949886,105.1433504,42200
18.597255783534003,194.389023134136,105.1433504,-18.886947094570903,1.6077071855860738e-05,2000.0,100.0,2000.0,-100.0,194.389023134136,105.1433504,42300
18.593979874693296,194.3759194987732,105.1433504,-18.886947094570903,1.6077071855860738e-05,2000.0,100.0,2000.0,-100.0,194.3759194987732,105.1433504,42400
18.590703965852583,194.36281586341033,105.1433504,-18.886947094570903,1.6077071855860738e-05,2000.0,100.0,2000.0,-100.0,194.36281586341033,105.1433504,42500
18.58742801880377,194.34971207521508,105.1433504,-18.886947094570903,1.6077071855860738e-05,2000.0,100.0,2000.0,-100.0,194.34971207521508,105.1433504,42600
18.58415210996306,194.33660843985223,105.1433504,-18.886947094570903,1.6077071855860738e-05,2000.0,100.0,2000.0,-100.0,194.33660843985223,105.1433504,42700
18.58087620112235,194.3235048044894,105.1433504,-18.886947094570903,1.6077071855860738e-05,2000.0,100.0,2000.0,-100.0,194.3235048044894,105.1433504,42800
18.577600292281645,194.31040116912658,105.1433504,-18.886947094570903,1.6077071855860738e-05,2000.0,100.0,2000.0,-100.0,194.31040116912658,105.1433504,42900
18.574324383440928,194.2972975337637,105.1433504,-18.886947094570903,1.6077071855860738e-05,2000.0,100.0,2000.0,-100.0,194.2972975337637,105.1433504,43000
18.571048474600225,194.2841938984009,105.1433504,-18.886947094570903,1.6077071855860738e-05,2000.0,100.0,2000.0,-100.0,194.2841938984009,105.1433504,43100
18.567772565759512,194.27109026303805,105.1433504,-18.886947094570903,1.6077071855860738e-05,2000.0,100.0,2000.0,-100.0,194.27109026303805,105.1433504,43200
18.5644966569188,194.2579866276752,105.1433504,-18.886947094570903,1.6077071855860738e-05,2000.0,100.0,2000.0,-100.0,194.2579866276752,105.1433504,43300
18.561220709869986,194.24488283947994,105.1433504,-18.886947094570903,1.6077071855860738e-05,2000.0,100.0,2000.0,-100.0,194.24488283947994,105.1433504,43400
18.55794480102934,194.23177920411734,105.1433504,-18.886947094570903,1.6077071855860738e-05,2000.0,100.0,2000.0,-100.0,194.23177920411734,105.1433504,43500
18.554668892188694,194.21867556875478,105.1433504,-18.886947094570903,1.6077071855860738e-05,2000.0,100.0,2000.0,-100.0,194.21867556875478,105.1433504,43600
18.55139298334805,194.2055719333922,105.1433504,-18.886947094570903,1.6077071855860738e-05,2000.0,100.0,2000.0,-100.0,194.2055719333922,105.1433504,43700
18.548117074507402,194.1924682980296,105.1433504,-18.886947094570903,1.6077071855860738e-05,2000.0,100.0,2000.0,-100.0,194.1924682980296,105.1433504,43800
18.54484116566676,194.17936466266704,105.1433504,-18.886947094570903,1.6077071855860738e-05,2000.0,100.0,2000.0,-100.0,194.17936466266704,105.1433504,43900
18.541565256826118,194.16626102730447,105.1433504,-18.886947094570903,1.6077071855860738e-05,2000.0,100.0,2000.0,-100.0,194.16626102730447,105.1433504,44000
18.53828934798547,194.15315739194187,105.1433504,-18.886947094570903,1.6077071855860738e-05,2000.0,100.0,2000.0,-100.0,194.15315739194187,105.1433504,44100
18.535013439144826,194.1400537565793,105.1433504,-18.886947094570903,1.6077071855860738e-05,2000.0,100.0,2000.0,-100.0,194.1400537565793,105.1433504,44200
18.531737492096077,194.1269499683843,105.1433504,-18.886947094570903,1.6077071855860738e-05,2000.0,100.0,2000.0,-100.0,194.1269499683843,105.1433504,44300
18.528461583255428,194.1138463330217,105.1433504,-18.886947094570903,1.6077071855860738e-05,2000.0,100.0,2000.0,-100.0,194.1138463330217,105.1433504,44400
18.525185674414786,194.10074269765914,105.1433504,-18.886947094570903,1.6077071855860738e-05,2000.0,100.0,2000.0,-100.0,194.10074269765914,105.1433504,44500
18.521909765574144,194.08763906229657,105.1433504,-18.886947094570903,1.6077071855860738e-05,2000.0,100.0,2000.0,-100.0,194.08763906229657,105.1433504,44600
18.518633856733494,194.07453542693398,105.1433504,-18.886947094570903,1.6077071855860738e-05,2000.0,100.0,2000.0,-100.0,194.07453542693398,105.1433504,44700
18.515357947892852,194.0614317915714,105.1433504,-18.886947094570903,1.6077071855860738e-05,2000.0,100.0,2000.0,-100.0,194.0614317915714,105.1433504,44800
18.512082039052206,194.0483281562088,105.1433504,-18.886947094570903,1.6077071855860738e-05,2000.0,100.0,2000.0,-100.0,194.0483281562088,105.1433504,44900
18.50880613021156,194.03522452084624,105.1433504,-18.886947094570903,1.6077071855860738e-05,2000.0,100.0,2000.0,-100.0,194.03522452084624,105.1433504,45000
18.50553018316281,194.02212073265125,105.1433504,-18.886947094570903,1.6077071855860738e-05,2000.0,100.0,2000.0,-100.0,194.02212073265125,105.1433504,45100
18.50225431253027,194.00901725012108,105.1433504,-18.886947094570903,1.6077071855860738e-05,2000.0,100.0,2000.0,-100.0,194.00901725012108,105.1433504,45200
18.49897836548152,193.99591346192608,105.1433504,-18.886947094570903,1.6077071855860738e-05,2000.0,100.0,2000.0,-100.0,193.99591346192608,105.1433504,45300
18.495702494848977,193.9828099793959,105.1433504,-18.886947094570903,1.6077071855860738e-05,2000.0,100.0,2000.0,-100.0,193.9828099793959,105.1433504,45400
18.492426547800235,193.96970619120094,105.1433504,-18.886947094570903,1.6077071855860738e-05,2000.0,100.0,2000.0,-100.0,193.96970619120094,105.1433504,45500
18.489150677167686,193.95660270867074,105.1433504,-18.886947094570903,1.6077071855860738e-05,2000.0,100.0,2000.0,-100.0,193.95660270867074,105.1433504,45600
18.485874730118944,193.94349892047578,105.1433504,-18.886947094570903,1.6077071855860738e-05,2000.0,100.0,2000.0,-100.0,193.94349892047578,105.1433504,45700
18.482598783070188,193.93039513228075,105.1433504,-18.886947094570903,1.6077071855860738e-05,2000.0,100.0,2000.0,-100.0,193.93039513228075,105.1433504,45800
18.479322912437652,193.9172916497506,105.1433504,-18.886947094570903,1.6077071855860738e-05,2000.0,100.0,2000.0,-100.0,193.9172916497506,105.1433504,45900
18.4760469653889,193.9041878615556,105.1433504,-18.886947094570903,1.6077071855860738e-05,2000.0,100.0,2000.0,-100.0,193.9041878615556,105.1433504,46000
18.47277109475636,193.89108437902544,105.1433504,-18.886947094570903,1.6077071855860738e-05,2000.0,100.0,2000.0,-100.0,193.89108437902544,105.1433504,46100
18.469495147707608,193.87798059083042,105.1433504,-18.886947094570903,1.6077071855860738e-05,2000.0,100.0,2000.0,-100.0,193.87798059083042,105.1433504,46200
18.46621927707507,193.86487710830028,105.1433504,-18.886947094570903,1.6077071855860738e-05,2000.0,100.0,2000.0,-100.0,193.86487710830028,105.1433504,46300
18.46294333002632,193.85177332010528,105.1433504,-18.886947094570903,1.6077071855860738e-05,2000.0,100.0,2000.0,-100.0,193.85177332010528,105.1433504,46400
18.459667459393778,193.8386698375751,105.1433504,-18.886947094570903,1.6077071855860738e-05,2000.0,100.0,2000.0,-100.0,193.8386698375751,105.1433504,46500
18.45639151234503,193.82556604938011,105.1433504,-18.886947094570903,1.6077071855860738e-05,2000.0,100.0,2000.0,-100.0,193.82556604938011,105.1433504,46600
18.45311556529628,193.81246226118512,105.1433504,-18.886947094570903,1.6077071855860738e-05,2000.0,100.0,2000.0,-100.0,193.81246226118512,105.1433504,46700
18.449839694663737,193.79935877865495,105.1433504,-18.886947094570903,1.6077071855860738e-05,2000.0,100.0,2000.0,-100.0,193.79935877865495,105.1433504,46800
18.446563747614988,193.78625499045995,105.1433504,-18.886947094570903,1.6077071855860738e-05,2000.0,100.0,2000.0,-100.0,193.78625499045995,105.1433504,46900
18.44328787698245,193.7731515079298,105.1433504,-18.886947094570903,1.6077071855860738e-05,2000.0,100.0,2000.0,-100.0,193.7731515079298,105.1433504,47000
18.440011929933696,193.76004771973479,105.1433504,-18.886947094570903,1.6077071855860738e-05,2000.0,100.0,2000.0,-100.0,193.76004771973479,105.1433504,47100
18.436736059301158,193.74694423720462,105.1433504,-18.886947094570903,1.6077071855860738e-05,2000.0,100.0,2000.0,-100.0,193.74694423720462,105.1433504,47200
18.433460112252412,193.73384044900965,105.1433504,-18.886947094570903,1.6077071855860738e-05,2000.0,100.0,2000.0,-100.0,193.73384044900965,105.1433504,47300
18.43018424161987,193.72073696647948,105.1433504,-18.886947094570903,1.6077071855860738e-05,2000.0,100.0,2000.0,-100.0,193.72073696647948,105.1433504,47400
18.42690829457112,193.70763317828448,105.1433504,-18.886947094570903,1.6077071855860738e-05,2000.0,100.0,2000.0,-100.0,193.70763317828448,105.1433504,47500
18.42363234752237,193.69452939008949,105.1433504,-18.886947094570903,1.6077071855860738e-05,2000.0,100.0,2000.0,-100.0,193.69452939008949,105.1433504,47600
18.42035647688983,193.68142590755932,105.1433504,-18.886947094570903,1.6077071855860738e-05,2000.0,100.0,2000.0,-100.0,193.68142590755932,105.1433504,47700
18.41708052984108,193.66832211936432,105.1433504,-18.886947094570903,1.6077071855860738e-05,2000.0,100.0,2000.0,-100.0,193.66832211936432,105.1433504,47800
18.413804659208537,193.65521863683415,105.1433504,-18.886947094570903,1.6077071855860738e-05,2000.0,100.0,2000.0,-100.0,193.65521863683415,105.1433504,47900
18.41052871215979,193.64211484863915,105.1433504,-18.886947094570903,1.6077071855860738e-05,2000.0,100.0,2000.0,-100.0,193.64211484863915,105.1433504,48000
18.407252841527246,193.62901136610898,105.1433504,-18.886947094570903,1.6077071855860738e-05,2000.0,100.0,2000.0,-100.0,193.62901136610898,105.1433504,48100
18.403976894478504,193.61590757791402,105.1433504,-18.886947094570903,1.6077071855860738e-05,2000.0,100.0,2000.0,-100.0,193.61590757791402,105.1433504,48200
18.400701023845954,193.60280409538382,105.1433504,-18.886947094570903,1.6077071855860738e-05,2000.0,100.0,2000.0,-100.0,193.60280409538382,105.1433504,48300
18.397425076797212,193.58970030718885,105.1433504,-18.886947094570903,1.6077071855860738e-05,2000.0,100.0,2000.0,-100.0,193.58970030718885,105.1433504,48400
18.394149129748456,193.57659651899382,105.1433504,-18.886947094570903,1.6077071855860738e-05,2000.0,100.0,2000.0,-100.0,193.57659651899382,105.1433504,48500
18.39087325911592,193.56349303646368,105.1433504,-18.886947094570903,1.6077071855860738e-05,2000.0,100.0,2000.0,-100.0,193.56349303646368,105.1433504,48600
18.387597312067168,193.5503892482687,105.1433504,-18.886947094570903,1.6077071855860738e-05,2000.0,100.0,2000.0,-100.0,193.5503892482687,105.1433504,48700
18.38432144143463,193.53728576573852,105.1433504,-18.886947094570903,1.6077071855860738e-05,2000.0,100.0,2000.0,-100.0,193.53728576573852,105.1433504,48800
18.381045494385877,193.5241819775435,105.1433504,-18.886947094570903,1.6077071855860738e-05,2000.0,100.0,2000.0,-100.0,193.5241819775435,105.1433504,48900
18.377769623753338,193.51107849501335,105.1433504,-18.886947094570903,1.6077071855860738e-05,2000.0,100.0,2000.0,-100.0,193.51107849501335,105.1433504,49000
18.37449367670459,193.49797470681835,105.1433504,-18.886947094570903,1.6077071855860738e-05,2000.0,100.0,2000.0,-100.0,193.49797470681835,105.1433504,49100
18.371217729655832,193.48487091862333,105.1433504,-18.886947094570903,1.6077071855860738e-05,2000.0,100.0,2000.0,-100.0,193.48487091862333,105.1433504,49200
18.367941859023297,193.4717674360932,105.1433504,-18.886947094570903,1.6077071855860738e-05,2000.0,100.0,2000.0,-100.0,193.4717674360932,105.1433504,49300
18.364665911974548,193.4586636478982,105.1433504,-18.886947094570903,1.6077071855860738e-05,2000.0,100.0,2000.0,-100.0,193.4586636478982,105.1433504,49400
18.361390041342005,193.44556016536802,105.1433504,-18.886947094570903,1.6077071855860738e-05,2000.0,100.0,2000.0,-100.0,193.44556016536802,105.1433504,49500
18.358114094293256,193.43245637717303,105.1433504,-18.886947094570903,1.6077071855860738e-05,2000.0,100.0,2000.0,-100.0,193.43245637717303,105.1433504,49600
18.354838223660717,193.41935289464288,105.1433504,-18.886947094570903,1.6077071855860738e-05,2000.0,100.0,2000.0,-100.0,193.41935289464288,105.1433504,49700
18.351562276611965,193.40624910644786,105.1433504,-18.886947094570903,1.6077071855860738e-05,2000.0,100.0,2000.0,-100.0,193.40624910644786,105.1433504,49800
18.348286405979426,193.3931456239177,105.1433504,-18.886947094570903,1.6077071855860738e-05,2000.0,100.0,2000.0,-100.0,193.3931456239177,105.1433504,49900
18.34501045893068,193.38004183572272,105.1433504,-18.886947094570903,1.6077071855860738e-05,2000.0,100.0,2000.0,-100.0,193.38004183572272,105.1433504,50000
18.341734511881924,193.3669380475277,105.1433504,-18.886947094570903,1.6077071855860738e-05,2000.0,100.0,2000.0,-100.0,193.3669380475277,105.1433504,50100
18.33845864124939,193.35383456499756,105.1433504,-18.886947094570903,1.6077071855860738e-05,2000.0,100.0,2000.0,-100.0,193.35383456499756,105.1433504,50200
18.33518269420064,193.34073077680256,105.1433504,-18.886947094570903,1.6077071855860738e-05,2000.0,100.0,2000.0,-100.0,193.34073077680256,105.1433504,50300
18.331906823568097,193.3276272942724,105.1433504,-18.886947094570903,1.6077071855860738e-05,2000.0,100.0,2000.0,-100.0,193.3276272942724,105.1433504,50400
18.328630876519348,193.3145235060774,105.1433504,-18.886947094570903,1.6077071855860738e-05,2000.0,100.0,2000.0,-100.0,193.3145235060774,105.1433504,50500
18.325355005886806,193.30142002354722,105.1433504,-18.886947094570903,1.6077071855860738e-05,2000.0,100.0,2000.0,-100.0,193.30142002354722,105.1433504,50600
18.322079058838057,193.28831623535223,105.1433504,-18.886947094570903,1.6077071855860738e-05,2000.0,100.0,2000.0,-100.0,193.28831623535223,105.1433504,50700
18.318803188205514,193.27521275282206,105.1433504,-18.886947094570903,1.6077071855860738e-05,2000.0,100.0,2000.0,-100.0,193.27521275282206,105.1433504,50800
18.315527241156772,193.2621089646271,105.1433504,-18.886947094570903,1.6077071855860738e-05,2000.0,100.0,2000.0,-100.0,193.2621089646271,105.1433504,50900
18.312251294108016,193.24900517643206,105.1433504,-18.886947094570903,1.6077071855860738e-05,2000.0,100.0,2000.0,-100.0,193.24900517643206,105.1433504,51000
18.30897542347548,193.23590169390192,105.1433504,-18.886947094570903,1.6077071855860738e-05,2000.0,100.0,2000.0,-100.0,193.23590169390192,105.1433504,51100
18.30569955284294,193.22279821137175,105.1433504,-18.886947094570903,1.6077071855860738e-05,2000.0,100.0,2000.0,-100.0,193.22279821137175,105.1433504,51200
18.30242360579419,193.20969442317676,105.1433504,-18.886947094570903,1.6077071855860738e-05,2000.0,100.0,2000.0,-100.0,193.20969442317676,105.1433504,51300
18.299147735161647,193.1965909406466,105.1433504,-18.886947094570903,1.6077071855860738e-05,2000.0,100.0,2000.0,-100.0,193.1965909406466,105.1433504,51400
18.295871788112898,193.1834871524516,105.1433504,-18.886947094570903,1.6077071855860738e-05,2000.0,100.0,2000.0,-100.0,193.1834871524516,105.1433504,51500
18.292595917480355,193.17038366992142,105.1433504,-18.886947094570903,1.6077071855860738e-05,2000.0,100.0,2000.0,-100.0,193.17038366992142,105.1433504,51600
18.289319970431606,193.15727988172642,105.1433504,-18.886947094570903,1.6077071855860738e-05,2000.0,100.0,2000.0,-100.0,193.15727988172642,105.1433504,51700
18.28604409979907,193.14417639919628,105.1433504,-18.886947094570903,1.6077071855860738e-05,2000.0,100.0,2000.0,-100.0,193.14417639919628,105.1433504,51800
18.282768152750315,193.13107261100126,105.1433504,-18.886947094570903,1.6077071855860738e-05,2000.0,100.0,2000.0,-100.0,193.13107261100126,105.1433504,51900
18.279492205701565,193.11796882280626,105.1433504,-18.886947094570903,1.6077071855860738e-05,2000.0,100.0,2000.0,-100.0,193.11796882280626,105.1433504,52000
18.27621633506903,193.10486534027612,105.1433504,-18.886947094570903,1.6077071855860738e-05,2000.0,100.0,2000.0,-100.0,193.10486534027612,105.1433504,52100
18.272940388020274,193.0917615520811,105.1433504,-18.886947094570903,1.6077071855860738e-05,2000.0,100.0,2000.0,-100.0,193.0917615520811,105.1433504,52200
18.26966451738774,193.07865806955095,105.1433504,-18.886947094570903,1.6077071855860738e-05,2000.0,100.0,2000.0,-100.0,193.07865806955095,105.1433504,52300
18.266388570338986,193.06555428135596,105.1433504,-18.886947094570903,1.6077071855860738e-05,2000.0,100.0,2000.0,-100.0,193.06555428135596,105.1433504,52400
18.263112699706447,193.0524507988258,105.1433504,-18.886947094570903,1.6077071855860738e-05,2000.0,100.0,2000.0,-100.0,193.0524507988258,105.1433504,52500
18.259836752657694,193.03934701063076,105.1433504,-18.886947094570903,1.6077071855860738e-05,2000.0,100.0,2000.0,-100.0,193.03934701063076,105.1433504,52600
18.25656088202516,193.02624352810062,105.1433504,-18.886947094570903,1.6077071855860738e-05,2000.0,100.0,2000.0,-100.0,193.02624352810062,105.1433504,52700
18.253284934976406,193.01313973990563,105.1433504,-18.886947094570903,1.6077071855860738e-05,2000.0,100.0,2000.0,-100.0,193.01313973990563,105.1433504,52800
18.250008987927657,193.00003595171063,105.1433504,-18.886947094570903,1.6077071855860738e-05,2000.0,100.0,2000.0,-100.0,193.00003595171063,105.1433504,52900
18.246733117295115,192.98693246918046,105.1433504,-18.886947094570903,1.6077071855860738e-05,2000.0,100.0,2000.0,-100.0,192.98693246918046,105.1433504,53000
18.243457170246366,192.97382868098546,105.1433504,-18.886947094570903,1.6077071855860738e-05,2000.0,100.0,2000.0,-100.0,192.97382868098546,105.1433504,53100
18.240181299613827,192.9607251984553,105.1433504,-18.886947094570903,1.6077071855860738e-05,2000.0,100.0,2000.0,-100.0,192.9607251984553,105.1433504,53200
18.236905352565074,192.9476214102603,105.1433504,-18.886947094570903,1.6077071855860738e-05,2000.0,100.0,2000.0,-100.0,192.9476214102603,105.1433504,53300
18.233629481932535,192.93451792773016,105.1433504,-18.886947094570903,1.6077071855860738e-05,2000.0,100.0,2000.0,-100.0,192.93451792773016,105.1433504,53400
18.230353534883783,192.92141413953513,105.1433504,-18.886947094570903,1.6077071855860738e-05,2000.0,100.0,2000.0,-100.0,192.92141413953513,105.1433504,53500
18.227077664251247,192.908310657005,105.1433504,-18.886947094570903,1.6077071855860738e-05,2000.0,100.0,2000.0,-100.0,192.908310657005,105.1433504,53600
18.22380171720249,192.89520686880996,105.1433504,-18.886947094570903,1.6077071855860738e-05,2000.0,100.0,2000.0,-100.0,192.89520686880996,105.1433504,53700
18.22052577015375,192.882103080615,105.1433504,-18.886947094570903,1.6077071855860738e-05,2000.0,100.0,2000.0,-100.0,192.882103080615,105.1433504,53800
18.217249899521207,192.86899959808483,105.1433504,-18.886947094570903,1.6077071855860738e-05,2000.0,100.0,2000.0,-100.0,192.86899959808483,105.1433504,53900
18.213973952472458,192.85589580988983,105.1433504,-18.886947094570903,1.6077071855860738e-05,2000.0,100.0,2000.0,-100.0,192.85589580988983,105.1433504,54000
18.210698081839915,192.84279232735966,105.1433504,-18.886947094570903,1.6077071855860738e-05,2000.0,100.0,2000.0,-100.0,192.84279232735966,105.1433504,54100
18.207422134791166,192.82968853916466,105.1433504,-18.886947094570903,1.6077071855860738e-05,2000.0,100.0,2000.0,-100.0,192.82968853916466,105.1433504,54200
18.204146264158624,192.8165850566345,105.1433504,-18.886947094570903,1.6077071855860738e-05,2000.0,100.0,2000.0,-100.0,192.8165850566345,105.1433504,54300
18.200870317109874,192.8034812684395,105.1433504,-18.886947094570903,1.6077071855860738e-05,2000.0,100.0,2000.0,-100.0,192.8034812684395,105.1433504,54400
18.19759444647734,192.79037778590936,105.1433504,-18.886947094570903,1.6077071855860738e-05,2000.0,100.0,2000.0,-100.0,192.79037778590936,105.1433504,54500
18.194318499428583,192.77727399771433,105.1433504,-18.886947094570903,1.6077071855860738e-05,2000.0,100.0,2000.0,-100.0,192.77727399771433,105.1433504,54600
18.191042552379834,192.76417020951934,105.1433504,-18.886947094570903,1.6077071855860738e-05,2000.0,100.0,2000.0,-100.0,192.76417020951934,105.1433504,54700
18.1877666817473,192.7510667269892,105.1433504,-18.886947094570903,1.6077071855860738e-05,2000.0,100.0,2000.0,-100.0,192.7510667269892,105.1433504,54800
18.184490734698542,192.73796293879417,105.1433504,-18.886947094570903,1.6077071855860738e-05,2000.0,100.0,2000.0,-100.0,192.73796293879417,105.1433504,54900
18.181214864066007,192.72485945626403,105.1433504,-18.886947094570903,1.6077071855860738e-05,2000.0,100.0,2000.0,-100.0,192.72485945626403,105.1433504,55000
18.177938917017254,192.71175566806903,105.1433504,-18.886947094570903,1.6077071855860738e-05,2000.0,100.0,2000.0,-100.0,192.71175566806903,105.1433504,55100
18.174663046384715,192.69865218553886,105.1433504,-18.886947094570903,1.6077071855860738e-05,2000.0,100.0,2000.0,-100.0,192.69865218553886,105.1433504,55200
18.171387099335963,192.68554839734384,105.1433504,-18.886947094570903,1.6077071855860738e-05,2000.0,100.0,2000.0,-100.0,192.68554839734384,105.1433504,55300
18.168111228703427,192.6724449148137,105.1433504,-18.886947094570903,1.6077071855860738e-05,2000.0,100.0,2000.0,-100.0,192.6724449148137,105.1433504,55400
18.164835281654675,192.6593411266187,105.1433504,-18.886947094570903,1.6077071855860738e-05,2000.0,100.0,2000.0,-100.0,192.6593411266187,105.1433504,55500
18.161559334605926,192.6462373384237,105.1433504,-18.886947094570903,1.6077071855860738e-05,2000.0,100.0,2000.0,-100.0,192.6462373384237,105.1433504,55600
18.158283463973383,192.63313385589353,105.1433504,-18.886947094570903,1.6077071855860738e-05,2000.0,100.0,2000.0,-100.0,192.63313385589353,105.1433504,55700
18.155007516924634,192.62003006769854,105.1433504,-18.886947094570903,1.6077071855860738e-05,2000.0,100.0,2000.0,-100.0,192.62003006769854,105.1433504,55800
18.151731646292095,192.60692658516837,105.1433504,-18.886947094570903,1.6077071855860738e-05,2000.0,100.0,2000.0,-100.0,192.60692658516837,105.1433504,55900
18.148455699243343,192.59382279697337,105.1433504,-18.886947094570903,1.6077071855860738e-05,2000.0,100.0,2000.0,-100.0,192.59382279697337,105.1433504,56000
18.145179828610804,192.58071931444323,105.1433504,-18.886947094570903,1.6077071855860738e-05,2000.0,100.0,2000.0,-100.0,192.58071931444323,105.1433504,56100
18.14190388156205,192.5676155262482,105.1433504,-18.886947094570903,1.6077071855860738e-05,2000.0,100.0,2000.0,-100.0,192.5676155262482,105.1433504,56200
18.138628010929516,192.55451204371806,105.1433504,-18.886947094570903,1.6077071855860738e-05,2000.0,100.0,2000.0,-100.0,192.55451204371806,105.1433504,56300
18.13535206388076,192.54140825552304,105.1433504,-18.886947094570903,1.6077071855860738e-05,2000.0,100.0,2000.0,-100.0,192.54140825552304,105.1433504,56400
18.132076116832017,192.52830446732807,105.1433504,-18.886947094570903,1.6077071855860738e-05,2000.0,100.0,2000.0,-100.0,192.52830446732807,105.1433504,56500
18.128800246199475,192.5152009847979,105.1433504,-18.886947094570903,1.6077071855860738e-05,2000.0,100.0,2000.0,-100.0,192.5152009847979,105.1433504,56600
18.125524299150726,192.5020971966029,105.1433504,-18.886947094570903,1.6077071855860738e-05,2000.0,100.0,2000.0,-100.0,192.5020971966029,105.1433504,56700
18.122248428518184,192.48899371407273,105.1433504,-18.886947094570903,1.6077071855860738e-05,2000.0,100.0,2000.0,-100.0,192.48899371407273,105.1433504,56800
18.118972481469434,192.47588992587774,105.1433504,-18.886947094570903,1.6077071855860738e-05,2000.0,100.0,2000.0,-100.0,192.47588992587774,105.1433504,56900
18.115696610836892,192.46278644334757,105.1433504,-18.886947094570903,1.6077071855860738e-05,2000.0,100.0,2000.0,-100.0,192.46278644334757,105.1433504,57000
18.112420663788143,192.44968265515257,105.1433504,-18.886947094570903,1.6077071855860738e-05,2000.0,100.0,2000.0,-100.0,192.44968265515257,105.1433504,57100
18.109144793155608,192.43657917262243,105.1433504,-18.886947094570903,1.6077071855860738e-05,2000.0,100.0,2000.0,-100.0,192.43657917262243,105.1433504,57200
18.10586884610685,192.4234753844274,105.1433504,-18.886947094570903,1.6077071855860738e-05,2000.0,100.0,2000.0,-100.0,192.4234753844274,105.1433504,57300
18.102592899058102,192.4103715962324,105.1433504,-18.886947094570903,1.6077071855860738e-05,2000.0,100.0,2000.0,-100.0,192.4103715962324,105.1433504,57400
18.099317028425567,192.39726811370227,105.1433504,-18.886947094570903,1.6077071855860738e-05,2000.0,100.0,2000.0,-100.0,192.39726811370227,105.1433504,57500
18.09604108137681,192.38416432550724,105.1433504,-18.886947094570903,1.6077071855860738e-05,2000.0,100.0,2000.0,-100.0,192.38416432550724,105.1433504,57600
18.092765210744275,192.3710608429771,105.1433504,-18.886947094570903,1.6077071855860738e-05,2000.0,100.0,2000.0,-100.0,192.3710608429771,105.1433504,57700
18.089489263695523,192.3579570547821,105.1433504,-18.886947094570903,1.6077071855860738e-05,2000.0,100.0,2000.0,-100.0,192.3579570547821,105.1433504,57800
18.086213393062984,192.34485357225194,105.1433504,-18.886947094570903,1.6077071855860738e-05,2000.0,100.0,2000.0,-100.0,192.34485357225194,105.1433504,57900
18.08293744601423,192.3317497840569,105.1433504,-18.886947094570903,1.6077071855860738e-05,2000.0,100.0,2000.0,-100.0,192.3317497840569,105.1433504,58000
18.079661575381696,192.31864630152677,105.1433504,-18.886947094570903,1.6077071855860738e-05,2000.0,100.0,2000.0,-100.0,192.31864630152677,105.1433504,58100
18.076385628332943,192.30554251333177,105.1433504,-18.886947094570903,1.6077071855860738e-05,2000.0,100.0,2000.0,-100.0,192.30554251333177,105.1433504,58200
18.073109681284194,192.29243872513678,105.1433504,-18.886947094570903,1.6077071855860738e-05,2000.0,100.0,2000.0,-100.0,192.29243872513678,105.1433504,58300
18.06983381065165,192.2793352426066,105.1433504,-18.886947094570903,1.6077071855860738e-05,2000.0,100.0,2000.0,-100.0,192.2793352426066,105.1433504,58400
18.066557863602903,192.2662314544116,105.1433504,-18.886947094570903,1.6077071855860738e-05,2000.0,100.0,2000.0,-100.0,192.2662314544116,105.1433504,58500
18.063281992970364,192.25312797188144,105.1433504,-18.886947094570903,1.6077071855860738e-05,2000.0,100.0,2000.0,-100.0,192.25312797188144,105.1433504,58600
18.06000604592161,192.24002418368644,105.1433504,-18.886947094570903,1.6077071855860738e-05,2000.0,100.0,2000.0,-100.0,192.24002418368644,105.1433504,58700
18.056730175289072,192.2269207011563,105.1433504,-18.886947094570903,1.6077071855860738e-05,2000.0,100.0,2000.0,-100.0,192.2269207011563,105.1433504,58800
18.05345422824032,192.21381691296128,105.1433504,-18.886947094570903,1.6077071855860738e-05,2000.0,100.0,2000.0,-100.0,192.21381691296128,105.1433504,58900
18.050178357607784,192.20071343043114,105.1433504,-18.886947094570903,1.6077071855860738e-05,2000.0,100.0,2000.0,-100.0,192.20071343043114,105.1433504,59000
18.046902410559028,192.1876096422361,105.1433504,-18.886947094570903,1.6077071855860738e-05,2000.0,100.0,2000.0,-100.0,192.1876096422361,105.1433504,59100
18.043626463510286,192.17450585404114,105.1433504,-18.886947094570903,1.6077071855860738e-05,2000.0,100.0,2000.0,-100.0,192.17450585404114,105.1433504,59200
18.040350592877743,192.16140237151097,105.1433504,-18.886947094570903,1.6077071855860738e-05,2000.0,100.0,2000.0,-100.0,192.16140237151097,105.1433504,59300
18.037074645828994,192.14829858331598,105.1433504,-18.886947094570903,1.6077071855860738e-05,2000.0,100.0,2000.0,-100.0,192.14829858331598,105.1433504,59400
18.033798775196452,192.1351951007858,105.1433504,-18.886947094570903,1.6077071855860738e-05,2000.0,100.0,2000.0,-100.0,192.1351951007858,105.1433504,59500
18.030522828147703,192.1220913125908,105.1433504,-18.886947094570903,1.6077071855860738e-05,2000.0,100.0,2000.0,-100.0,192.1220913125908,105.1433504,59600
18.02724695751516,192.10898783006064,105.1433504,-18.886947094570903,1.6077071855860738e-05,2000.0,100.0,2000.0,-100.0,192.10898783006064,105.1433504,59700
18.02397101046641,192.09588404186565,105.1433504,-18.886947094570903,1.6077071855860738e-05,2000.0,100.0,2000.0,-100.0,192.09588404186565,105.1433504,59800
18.020695139833876,192.0827805593355,105.1433504,-18.886947094570903,1.6077071855860738e-05,2000.0,100.0,2000.0,-100.0,192.0827805593355,105.1433504,59900
18.01741919278512,192.06967677114048,105.1433504,-18.886947094570903,1.6077071855860738e-05,2000.0,100.0,2000.0,-100.0,192.06967677114048,105.1433504,60000
18.01414324573637,192.05657298294548,105.1433504,-18.886947094570903,1.6077071855860738e-05,2000.0,100.0,2000.0,-100.0,192.05657298294548,105.1433504,60100
18.010867375103835,192.04346950041534,105.1433504,-18.886947094570903,1.6077071855860738e-05,2000.0,100.0,2000.0,-100.0,192.04346950041534,105.1433504,60200
18.00759142805508,192.03036571222032,105.1433504,-18.886947094570903,1.6077071855860738e-05,2000.0,100.0,2000.0,-100.0,192.03036571222032,105.1433504,60300
18.004315557422544,192.01726222969017,105.1433504,-18.886947094570903,1.6077071855860738e-05,2000.0,100.0,2000.0,-100.0,192.01726222969017,105.1433504,60400
18.00103961037379,192.00415844149518,105.1433504,-18.886947094570903,1.6077071855860738e-05,2000.0,100.0,2000.0,-100.0,192.00415844149518,105.1433504,60500
17.997763739741252,191.991054958965,105.1433504,-18.886947094570903,1.6077071855860738e-05,2000.0,100.0,2000.0,-100.0,191.991054958965,105.1433504,60600
17.9944877926925,191.97795117076998,105.1433504,-18.886947094570903,1.6077071855860738e-05,2000.0,100.0,2000.0,-100.0,191.97795117076998,105.1433504,60700
17.991211922059964,191.96484768823984,105.1433504,-18.886947094570903,1.6077071855860738e-05,2000.0,100.0,2000.0,-100.0,191.96484768823984,105.1433504,60800
17.98793597501121,191.95174390004485,105.1433504,-18.886947094570903,1.6077071855860738e-05,2000.0,100.0,2000.0,-100.0,191.95174390004485,105.1433504,60900
17.984660027962462,191.93864011184985,105.1433504,-18.886947094570903,1.6077071855860738e-05,2000.0,100.0,2000.0,-100.0,191.93864011184985,105.1433504,61000
17.98138415732992,191.92553662931968,105.1433504,-18.886947094570903,1.6077071855860738e-05,2000.0,100.0,2000.0,-100.0,191.92553662931968,105.1433504,61100
17.97810821028117,191.91243284112468,105.1433504,-18.886947094570903,1.6077071855860738e-05,2000.0,100.0,2000.0,-100.0,191.91243284112468,105.1433504,61200
17.974832339648632,191.8993293585945,105.1433504,-18.886947094570903,1.6077071855860738e-05,2000.0,100.0,2000.0,-100.0,191.8993293585945,105.1433504,61300
17.97155639259988,191.88622557039952,105.1433504,-18.886947094570903,1.6077071855860738e-05,2000.0,100.0,2000.0,-100.0,191.88622557039952,105.1433504,61400
17.96828052196734,191.87312208786938,105.1433504,-18.886947094570903,1.6077071855860738e-05,2000.0,100.0,2000.0,-100.0,191.87312208786938,105.1433504,61500
17.965004574918588,191.86001829967435,105.1433504,-18.886947094570903,1.6077071855860738e-05,2000.0,100.0,2000.0,-100.0,191.86001829967435,105.1433504,61600
17.961728704286053,191.8469148171442,105.1433504,-18.886947094570903,1.6077071855860738e-05,2000.0,100.0,2000.0,-100.0,191.8469148171442,105.1433504,61700
17.958452757237296,191.83381102894919,105.1433504,-18.886947094570903,1.6077071855860738e-05,2000.0,100.0,2000.0,-100.0,191.83381102894919,105.1433504,61800
17.955176810188554,191.82070724075422,105.1433504,-18.886947094570903,1.6077071855860738e-05,2000.0,100.0,2000.0,-100.0,191.82070724075422,105.1433504,61900
17.951900939556012,191.80760375822405,105.1433504,-18.886947094570903,1.6077071855860738e-05,2000.0,100.0,2000.0,-100.0,191.80760375822405,105.1433504,62000
17.948624992507263,191.79449997002905,105.1433504,-18.886947094570903,1.6077071855860738e-05,2000.0,100.0,2000.0,-100.0,191.79449997002905,105.1433504,62100
17.94534912187472,191.78139648749888,105.1433504,-18.886947094570903,1.6077071855860738e-05,2000.0,100.0,2000.0,-100.0,191.78139648749888,105.1433504,62200
17.94207317482597,191.76829269930388,105.1433504,-18.886947094570903,1.6077071855860738e-05,2000.0,100.0,2000.0,-100.0,191.76829269930388,105.1433504,62300
17.93879730419343,191.75518921677372,105.1433504,-18.886947094570903,1.6077071855860738e-05,2000.0,100.0,2000.0,-100.0,191.75518921677372,105.1433504,62400
17.93552135714468,191.74208542857872,105.1433504,-18.886947094570903,1.6077071855860738e-05,2000.0,100.0,2000.0,-100.0,191.74208542857872,105.1433504,62500
17.932245486512144,191.72898194604858,105.1433504,-18.886947094570903,1.6077071855860738e-05,2000.0,100.0,2000.0,-100.0,191.72898194604858,105.1433504,62600
17.928969539463388,191.71587815785355,105.1433504,-18.886947094570903,1.6077071855860738e-05,2000.0,100.0,2000.0,-100.0,191.71587815785355,105.1433504,62700
17.92569359241464,191.70277436965856,105.1433504,-18.886947094570903,1.6077071855860738e-05,2000.0,100.0,2000.0,-100.0,191.70277436965856,105.1433504,62800
17.922417721782104,191.68967088712841,105.1433504,-18.886947094570903,1.6077071855860738e-05,2000.0,100.0,2000.0,-100.0,191.68967088712841,105.1433504,62900
17.919141774733347,191.6765670989334,105.1433504,-18.886947094570903,1.6077071855860738e-05,2000.0,100.0,2000.0,-100.0,191.6765670989334,105.1433504,63000
17.915865904100812,191.66346361640325,105.1433504,-18.886947094570903,1.6077071855860738e-05,2000.0,100.0,2000.0,-100.0,191.66346361640325,105.1433504,63100
17.91258995705206,191.65035982820825,105.1433504,-18.886947094570903,1.6077071855860738e-05,2000.0,100.0,2000.0,-100.0,191.65035982820825,105.1433504,63200
17.90931408641952,191.63725634567808,105.1433504,-18.886947094570903,1.6077071855860738e-05,2000.0,100.0,2000.0,-100.0,191.63725634567808,105.1433504,63300
17.906038139370768,191.62415255748306,105.1433504,-18.886947094570903,1.6077071855860738e-05,2000.0,100.0,2000.0,-100.0,191.62415255748306,105.1433504,63400
17.902762268738233,191.61104907495292,105.1433504,-18.886947094570903,1.6077071855860738e-05,2000.0,100.0,2000.0,-100.0,191.61104907495292,105.1433504,63500
17.89948632168948,191.59794528675792,105.1433504,-18.886947094570903,1.6077071855860738e-05,2000.0,100.0,2000.0,-100.0,191.59794528675792,105.1433504,63600
17.89621037464073,191.58484149856292,105.1433504,-18.886947094570903,1.6077071855860738e-05,2000.0,100.0,2000.0,-100.0,191.58484149856292,105.1433504,63700
17.89293450400819,191.57173801603275,105.1433504,-18.886947094570903,1.6077071855860738e-05,2000.0,100.0,2000.0,-100.0,191.57173801603275,105.1433504,63800
17.88965855695944,191.55863422783776,105.1433504,-18.886947094570903,1.6077071855860738e-05,2000.0,100.0,2000.0,-100.0,191.55863422783776,105.1433504,63900
17.8863826863269,191.5455307453076,105.1433504,-18.886947094570903,1.6077071855860738e-05,2000.0,100.0,2000.0,-100.0,191.5455307453076,105.1433504,64000
17.883106739278148,191.5324269571126,105.1433504,-18.886947094570903,1.6077071855860738e-05,2000.0,100.0,2000.0,-100.0,191.5324269571126,105.1433504,64100
17.87983086864561,191.51932347458245,105.1433504,-18.886947094570903,1.6077071855860738e-05,2000.0,100.0,2000.0,-100.0,191.51932347458245,105.1433504,64200
17.876554921596856,191.50621968638742,105.1433504,-18.886947094570903,1.6077071855860738e-05,2000.0,100.0,2000.0,-100.0,191.50621968638742,105.1433504,64300
17.87327905096432,191.49311620385728,105.1433504,-18.886947094570903,1.6077071855860738e-05,2000.0,100.0,2000.0,-100.0,191.49311620385728,105.1433504,64400
17.870003103915565,191.48001241566226,105.1433504,-18.886947094570903,1.6077071855860738e-05,2000.0,100.0,2000.0,-100.0,191.48001241566226,105.1433504,64500
17.866727156866823,191.4669086274673,105.1433504,-18.886947094570903,1.6077071855860738e-05,2000.0,100.0,2000.0,-100.0,191.4669086274673,105.1433504,64600
17.86345128623428,191.45380514493712,105.1433504,-18.886947094570903,1.6077071855860738e-05,2000.0,100.0,2000.0,-100.0,191.45380514493712,105.1433504,64700
17.86017533918553,191.44070135674212,105.1433504,-18.886947094570903,1.6077071855860738e-05,2000.0,100.0,2000.0,-100.0,191.44070135674212,105.1433504,64800
17.85689946855299,191.42759787421195,105.1433504,-18.886947094570903,1.6077071855860738e-05,2000.0,100.0,2000.0,-100.0,191.42759787421195,105.1433504,64900
17.85362352150424,191.41449408601696,105.1433504,-18.886947094570903,1.6077071855860738e-05,2000.0,100.0,2000.0,-100.0,191.41449408601696,105.1433504,65000
17.850347650871697,191.4013906034868,105.1433504,-18.886947094570903,1.6077071855860738e-05,2000.0,100.0,2000.0,-100.0,191.4013906034868,105.1433504,65100
17.847071703822948,191.3882868152918,105.1433504,-18.886947094570903,1.6077071855860738e-05,2000.0,100.0,2000.0,-100.0,191.3882868152918,105.1433504,65200
17.843795833190413,191.37518333276165,105.1433504,-18.886947094570903,1.6077071855860738e-05,2000.0,100.0,2000.0,-100.0,191.37518333276165,105.1433504,65300
17.840519886141657,191.36207954456663,105.1433504,-18.886947094570903,1.6077071855860738e-05,2000.0,100.0,2000.0,-100.0,191.36207954456663,105.1433504,65400
17.837243939092907,191.34897575637163,105.1433504,-18.886947094570903,1.6077071855860738e-05,2000.0,100.0,2000.0,-100.0,191.34897575637163,105.1433504,65500
17.833968068460372,191.3358722738415,105.1433504,-18.886947094570903,1.6077071855860738e-05,2000.0,100.0,2000.0,-100.0,191.3358722738415,105.1433504,65600
17.830692121411616,191.32276848564646,105.1433504,-18.886947094570903,1.6077071855860738e-05,2000.0,100.0,2000.0,-100.0,191.32276848564646,105.1433504,65700
17.82741625077908,191.30966500311632,105.1433504,-18.886947094570903,1.6077071855860738e-05,2000.0,100.0,2000.0,-100.0,191.30966500311632,105.1433504,65800
17.824140303730328,191.29656121492133,105.1433504,-18.886947094570903,1.6077071855860738e-05,2000.0,100.0,2000.0,-100.0,191.29656121492133,105.1433504,65900
17.82086443309779,191.28345773239116,105.1433504,-18.886947094570903,1.6077071855860738e-05,2000.0,100.0,2000.0,-100.0,191.28345773239116,105.1433504,66000
17.817588486049036,191.27035394419613,105.1433504,-18.886947094570903,1.6077071855860738e-05,2000.0,100.0,2000.0,-100.0,191.27035394419613,105.1433504,66100
17.8143126154165,191.257250461666,105.1433504,-18.886947094570903,1.6077071855860738e-05,2000.0,100.0,2000.0,-100.0,191.257250461666,105.1433504,66200
17.81103666836775,191.244146673471,105.1433504,-18.886947094570903,1.6077071855860738e-05,2000.0,100.0,2000.0,-100.0,191.244146673471,105.1433504,66300
17.807760721319,191.231042885276,105.1433504,-18.886947094570903,1.6077071855860738e-05,2000.0,100.0,2000.0,-100.0,191.231042885276,105.1433504,66400
17.804484850686457,191.21793940274583,105.1433504,-18.886947094570903,1.6077071855860738e-05,2000.0,100.0,2000.0,-100.0,191.21793940274583,105.1433504,66500
17.801208903637708,191.20483561455083,105.1433504,-18.886947094570903,1.6077071855860738e-05,2000.0,100.0,2000.0,-100.0,191.20483561455083,105.1433504,66600
17.79793303300517,191.19173213202066,105.1433504,-18.886947094570903,1.6077071855860738e-05,2000.0,100.0,2000.0,-100.0,191.19173213202066,105.1433504,66700
17.794657085956416,191.17862834382566,105.1433504,-18.886947094570903,1.6077071855860738e-05,2000.0,100.0,2000.0,-100.0,191.17862834382566,105.1433504,66800
17.791381215323877,191.16552486129552,105.1433504,-18.886947094570903,1.6077071855860738e-05,2000.0,100.0,2000.0,-100.0,191.16552486129552,105.1433504,66900
17.788105268275125,191.1524210731005,105.1433504,-18.886947094570903,1.6077071855860738e-05,2000.0,100.0,2000.0,-100.0,191.1524210731005,105.1433504,67000
17.78482939764259,191.13931759057036,105.1433504,-18.886947094570903,1.6077071855860738e-05,2000.0,100.0,2000.0,-100.0,191.13931759057036,105.1433504,67100
17.781553450593833,191.12621380237533,105.1433504,-18.886947094570903,1.6077071855860738e-05,2000.0,100.0,2000.0,-100.0,191.12621380237533,105.1433504,67200
17.77827750354509,191.11311001418036,105.1433504,-18.886947094570903,1.6077071855860738e-05,2000.0,100.0,2000.0,-100.0,191.11311001418036,105.1433504,67300
17.77500163291255,191.1000065316502,105.1433504,-18.886947094570903,1.6077071855860738e-05,2000.0,100.0,2000.0,-100.0,191.1000065316502,105.1433504,67400
17.7717256858638,191.0869027434552,105.1433504,-18.886947094570903,1.6077071855860738e-05,2000.0,100.0,2000.0,-100.0,191.0869027434552,105.1433504,67500
17.768449815231257,191.07379926092503,105.1433504,-18.886947094570903,1.6077071855860738e-05,2000.0,100.0,2000.0,-100.0,191.07379926092503,105.1433504,67600
17.765173868182508,191.06069547273003,105.1433504,-18.886947094570903,1.6077071855860738e-05,2000.0,100.0,2000.0,-100.0,191.06069547273003,105.1433504,67700
17.761897997549966,191.04759199019986,105.1433504,-18.886947094570903,1.6077071855860738e-05,2000.0,100.0,2000.0,-100.0,191.04759199019986,105.1433504,67800
17.758622050501216,191.03448820200487,105.1433504,-18.886947094570903,1.6077071855860738e-05,2000.0,100.0,2000.0,-100.0,191.03448820200487,105.1433504,67900
17.75534617986868,191.02138471947472,105.1433504,-18.886947094570903,1.6077071855860738e-05,2000.0,100.0,2000.0,-100.0,191.02138471947472,105.1433504,68000
17.752070232819925,191.0082809312797,105.1433504,-18.886947094570903,1.6077071855860738e-05,2000.0,100.0,2000.0,-100.0,191.0082809312797,105.1433504,68100
17.748794285771176,190.9951771430847,105.1433504,-18.886947094570903,1.6077071855860738e-05,2000.0,100.0,2000.0,-100.0,190.9951771430847,105.1433504,68200
17.74551841513864,190.98207366055456,105.1433504,-18.886947094570903,1.6077071855860738e-05,2000.0,100.0,2000.0,-100.0,190.98207366055456,105.1433504,68300
17.742242468089884,190.96896987235954,105.1433504,-18.886947094570903,1.6077071855860738e-05,2000.0,100.0,2000.0,-100.0,190.96896987235954,105.1433504,68400
17.73896659745735,190.9558663898294,105.1433504,-18.886947094570903,1.6077071855860738e-05,2000.0,100.0,2000.0,-100.0,190.9558663898294,105.1433504,68500
17.735690650408596,190.9427626016344,105.1433504,-18.886947094570903,1.6077071855860738e-05,2000.0,100.0,2000.0,-100.0,190.9427626016344,105.1433504,68600
17.732414779776057,190.92965911910423,105.1433504,-18.886947094570903,1.6077071855860738e-05,2000.0,100.0,2000.0,-100.0,190.92965911910423,105.1433504,68700
17.729138832727305,190.9165553309092,105.1433504,-18.886947094570903,1.6077071855860738e-05,2000.0,100.0,2000.0,-100.0,190.9165553309092,105.1433504,68800
17.72586296209477,190.90345184837906,105.1433504,-18.886947094570903,1.6077071855860738e-05,2000.0,100.0,2000.0,-100.0,190.90345184837906,105.1433504,68900
17.722587015046017,190.89034806018407,105.1433504,-18.886947094570903,1.6077071855860738e-05,2000.0,100.0,2000.0,-100.0,190.89034806018407,105.1433504,69000
17.719311067997268,190.87724427198907,105.1433504,-18.886947094570903,1.6077071855860738e-05,2000.0,100.0,2000.0,-100.0,190.87724427198907,105.1433504,69100
17.716035197364725,190.8641407894589,105.1433504,-18.886947094570903,1.6077071855860738e-05,2000.0,100.0,2000.0,-100.0,190.8641407894589,105.1433504,69200
17.712759250315976,190.8510370012639,105.1433504,-18.886947094570903,1.6077071855860738e-05,2000.0,100.0,2000.0,-100.0,190.8510370012639,105.1433504,69300
17.709483379683437,190.83793351873373,105.1433504,-18.886947094570903,1.6077071855860738e-05,2000.0,100.0,2000.0,-100.0,190.83793351873373,105.1433504,69400
17.706207432634685,190.82482973053874,105.1433504,-18.886947094570903,1.6077071855860738e-05,2000.0,100.0,2000.0,-100.0,190.82482973053874,105.1433504,69500
17.702931562002146,190.8117262480086,105.1433504,-18.886947094570903,1.6077071855860738e-05,2000.0,100.0,2000.0,-100.0,190.8117262480086,105.1433504,69600
17.699655614953393,190.79862245981357,105.1433504,-18.886947094570903,1.6077071855860738e-05,2000.0,100.0,2000.0,-100.0,190.79862245981357,105.1433504,69700
17.696379744320858,190.78551897728343,105.1433504,-18.886947094570903,1.6077071855860738e-05,2000.0,100.0,2000.0,-100.0,190.78551897728343,105.1433504,69800
17.6931037972721,190.7724151890884,105.1433504,-18.886947094570903,1.6077071855860738e-05,2000.0,100.0,2000.0,-100.0,190.7724151890884,105.1433504,69900
17.68982785022336,190.75931140089344,105.1433504,-18.886947094570903,1.6077071855860738e-05,2000.0,100.0,2000.0,-100.0,190.75931140089344,105.1433504,70000
17.686551979590817,190.74620791836327,105.1433504,-18.886947094570903,1.6077071855860738e-05,2000.0,100.0,2000.0,-100.0,190.74620791836327,105.1433504,70100
17.683276032542068,190.73310413016827,105.1433504,-18.886947094570903,1.6077071855860738e-05,2000.0,100.0,2000.0,-100.0,190.73310413016827,105.1433504,70200
17.680000161909526,190.7200006476381,105.1433504,-18.886947094570903,1.6077071855860738e-05,2000.0,100.0,2000.0,-100.0,190.7200006476381,105.1433504,70300
17.676724214860776,190.7068968594431,105.1433504,-18.886947094570903,1.6077071855860738e-05,2000.0,100.0,2000.0,-100.0,190.7068968594431,105.1433504,70400
17.673448344228234,190.69379337691294,105.1433504,-18.886947094570903,1.6077071855860738e-05,2000.0,100.0,2000.0,-100.0,190.69379337691294,105.1433504,70500
17.670172397179485,190.68068958871794,105.1433504,-18.886947094570903,1.6077071855860738e-05,2000.0,100.0,2000.0,-100.0,190.68068958871794,105.1433504,70600
17.66689652654695,190.6675861061878,105.1433504,-18.886947094570903,1.6077071855860738e-05,2000.0,100.0,2000.0,-100.0,190.6675861061878,105.1433504,70700
17.663620579498193,190.65448231799277,105.1433504,-18.886947094570903,1.6077071855860738e-05,2000.0,100.0,2000.0,-100.0,190.65448231799277,105.1433504,70800
17.660344632449444,190.64137852979778,105.1433504,-18.886947094570903,1.6077071855860738e-05,2000.0,100.0,2000.0,-100.0,190.64137852979778,105.1433504,70900
17.65706876181691,190.62827504726764,105.1433504,-18.886947094570903,1.6077071855860738e-05,2000.0,100.0,2000.0,-100.0,190.62827504726764,105.1433504,71000
17.653792814768153,190.6151712590726,105.1433504,-18.886947094570903,1.6077071855860738e-05,2000.0,100.0,2000.0,-100.0,190.6151712590726,105.1433504,71100
17.650516944135617,190.60206777654247,105.1433504,-18.886947094570903,1.6077071855860738e-05,2000.0,100.0,2000.0,-100.0,190.60206777654247,105.1433504,71200
17.647240997086865,190.58896398834747,105.1433504,-18.886947094570903,1.6077071855860738e-05,2000.0,100.0,2000.0,-100.0,190.58896398834747,105.1433504,71300
17.643965126454326,190.5758605058173,105.1433504,-18.886947094570903,1.6077071855860738e-05,2000.0,100.0,2000.0,-100.0,190.5758605058173,105.1433504,71400
17.640689179405573,190.56275671762228,105.1433504,-18.886947094570903,1.6077071855860738e-05,2000.0,100.0,2000.0,-100.0,190.56275671762228,105.1433504,71500
17.637413308773038,190.54965323509214,105.1433504,-18.886947094570903,1.6077071855860738e-05,2000.0,100.0,2000.0,-100.0,190.54965323509214,105.1433504,71600
17.634137361724285,190.53654944689714,105.1433504,-18.886947094570903,1.6077071855860738e-05,2000.0,100.0,2000.0,-100.0,190.53654944689714,105.1433504,71700
17.630861414675536,190.52344565870214,105.1433504,-18.886947094570903,1.6077071855860738e-05,2000.0,100.0,2000.0,-100.0,190.52344565870214,105.1433504,71800
17.627585544042994,190.51034217617197,105.1433504,-18.886947094570903,1.6077071855860738e-05,2000.0,100.0,2000.0,-100.0,190.51034217617197,105.1433504,71900
17.624309596994244,190.49723838797698,105.1433504,-18.886947094570903,1.6077071855860738e-05,2000.0,100.0,2000.0,-100.0,190.49723838797698,105.1433504,72000
17.621033726361706,190.4841349054468,105.1433504,-18.886947094570903,1.6077071855860738e-05,2000.0,100.0,2000.0,-100.0,190.4841349054468,105.1433504,72100
17.617757779312953,190.4710311172518,105.1433504,-18.886947094570903,1.6077071855860738e-05,2000.0,100.0,2000.0,-100.0,190.4710311172518,105.1433504,72200
17.614481908680414,190.45792763472167,105.1433504,-18.886947094570903,1.6077071855860738e-05,2000.0,100.0,2000.0,-100.0,190.45792763472167,105.1433504,72300
17.61120596163166,190.44482384652665,105.1433504,-18.886947094570903,1.6077071855860738e-05,2000.0,100.0,2000.0,-100.0,190.44482384652665,105.1433504,72400
17.607930090999126,190.4317203639965,105.1433504,-18.886947094570903,1.6077071855860738e-05,2000.0,100.0,2000.0,-100.0,190.4317203639965,105.1433504,72500
17.60465414395037,190.41861657580148,105.1433504,-18.886947094570903,1.6077071855860738e-05,2000.0,100.0,2000.0,-100.0,190.41861657580148,105.1433504,72600
17.601378196901628,190.4055127876065,105.1433504,-18.886947094570903,1.6077071855860738e-05,2000.0,100.0,2000.0,-100.0,190.4055127876065,105.1433504,72700
17.598102326269085,190.39240930507634,105.1433504,-18.886947094570903,1.6077071855860738e-05,2000.0,100.0,2000.0,-100.0,190.39240930507634,105.1433504,72800
17.594826379220336,190.37930551688135,105.1433504,-18.886947094570903,1.6077071855860738e-05,2000.0,100.0,2000.0,-100.0,190.37930551688135,105.1433504,72900
17.591550508587794,190.36620203435118,105.1433504,-18.886947094570903,1.6077071855860738e-05,2000.0,100.0,2000.0,-100.0,190.36620203435118,105.1433504,73000
17.588274561539045,190.35309824615618,105.1433504,-18.886947094570903,1.6077071855860738e-05,2000.0,100.0,2000.0,-100.0,190.35309824615618,105.1433504,73100
17.584998690906502,190.339994763626,105.1433504,-18.886947094570903,1.6077071855860738e-05,2000.0,100.0,2000.0,-100.0,190.339994763626,105.1433504,73200
17.581722743857753,190.326890975431,105.1433504,-18.886947094570903,1.6077071855860738e-05,2000.0,100.0,2000.0,-100.0,190.326890975431,105.1433504,73300
17.578446873225218,190.31378749290087,105.1433504,-18.886947094570903,1.6077071855860738e-05,2000.0,100.0,2000.0,-100.0,190.31378749290087,105.1433504,73400
17.57517092617646,190.30068370470585,105.1433504,-18.886947094570903,1.6077071855860738e-05,2000.0,100.0,2000.0,-100.0,190.30068370470585,105.1433504,73500
17.571894979127713,190.28757991651085,105.1433504,-18.886947094570903,1.6077071855860738e-05,2000.0,100.0,2000.0,-100.0,190.28757991651085,105.1433504,73600
17.568619108495177,190.2744764339807,105.1433504,-18.886947094570903,1.6077071855860738e-05,2000.0,100.0,2000.0,-100.0,190.2744764339807,105.1433504,73700
17.56534316144642,190.26137264578568,105.1433504,-18.886947094570903,1.6077071855860738e-05,2000.0,100.0,2000.0,-100.0,190.26137264578568,105.1433504,73800
17.562067290813886,190.24826916325554,105.1433504,-18.886947094570903,1.6077071855860738e-05,2000.0,100.0,2000.0,-100.0,190.24826916325554,105.1433504,73900
17.558791343765133,190.23516537506055,105.1433504,-18.886947094570903,1.6077071855860738e-05,2000.0,100.0,2000.0,-100.0,190.23516537506055,105.1433504,74000
17.555515473132594,190.22206189253038,105.1433504,-18.886947094570903,1.6077071855860738e-05,2000.0,100.0,2000.0,-100.0,190.22206189253038,105.1433504,74100
17.55223952608384,190.20895810433535,105.1433504,-18.886947094570903,1.6077071855860738e-05,2000.0,100.0,2000.0,-100.0,190.20895810433535,105.1433504,74200
17.548963655451306,190.1958546218052,105.1433504,-18.886947094570903,1.6077071855860738e-05,2000.0,100.0,2000.0,-100.0,190.1958546218052,105.1433504,74300
17.545687708402554,190.1827508336102,105.1433504,-18.886947094570903,1.6077071855860738e-05,2000.0,100.0,2000.0,-100.0,190.1827508336102,105.1433504,74400
17.542411761353804,190.16964704541522,105.1433504,-18.886947094570903,1.6077071855860738e-05,2000.0,100.0,2000.0,-100.0,190.16964704541522,105.1433504,74500
17.539135890721262,190.15654356288505,105.1433504,-18.886947094570903,1.6077071855860738e-05,2000.0,100.0,2000.0,-100.0,190.15654356288505,105.1433504,74600
17.535859943672513,190.14343977469005,105.1433504,-18.886947094570903,1.6077071855860738e-05,2000.0,100.0,2000.0,-100.0,190.14343977469005,105.1433504,74700
17.532584073039974,190.13033629215988,105.1433504,-18.886947094570903,1.6077071855860738e-05,2000.0,100.0,2000.0,-100.0,190.13033629215988,105.1433504,74800
17.52930812599122,190.11723250396489,105.1433504,-18.886947094570903,1.6077071855860738e-05,2000.0,100.0,2000.0,-100.0,190.11723250396489,105.1433504,74900
17.526032255358682,190.10412902143474,105.1433504,-18.886947094570903,1.6077071855860738e-05,2000.0,100.0,2000.0,-100.0,190.10412902143474,105.1433504,75000
17.52275630830993,190.09102523323972,105.1433504,-18.886947094570903,1.6077071855860738e-05,2000.0,100.0,2000.0,-100.0,190.09102523323972,105.1433504,75100
17.519480437677394,190.07792175070958,105.1433504,-18.886947094570903,1.6077071855860738e-05,2000.0,100.0,2000.0,-100.0,190.07792175070958,105.1433504,75200
17.51620449062864,190.06481796251455,105.1433504,-18.886947094570903,1.6077071855860738e-05,2000.0,100.0,2000.0,-100.0,190.06481796251455,105.1433504,75300
17.512928543579896,190.05171417431959,105.1433504,-18.886947094570903,1.6077071855860738e-05,2000.0,100.0,2000.0,-100.0,190.05171417431959,105.1433504,75400
17.509652672947354,190.03861069178942,105.1433504,-18.886947094570903,1.6077071855860738e-05,2000.0,100.0,2000.0,-100.0,190.03861069178942,105.1433504,75500
17.506376725898605,190.02550690359442,105.1433504,-18.886947094570903,1.6077071855860738e-05,2000.0,100.0,2000.0,-100.0,190.02550690359442,105.1433504,75600
17.503100855266062,190.01240342106425,105.1433504,-18.886947094570903,1.6077071855860738e-05,2000.0,100.0,2000.0,-100.0,190.01240342106425,105.1433504,75700
17.499824908217313,189.99929963286925,105.1433504,-18.886947094570903,1.6077071855860738e-05,2000.0,100.0,2000.0,-100.0,189.99929963286925,105.1433504,75800
17.49654903758477,189.98619615033908,105.1433504,-18.886947094570903,1.6077071855860738e-05,2000.0,100.0,2000.0,-100.0,189.98619615033908,105.1433504,75900
17.49327309053602,189.9730923621441,105.1433504,-18.886947094570903,1.6077071855860738e-05,2000.0,100.0,2000.0,-100.0,189.9730923621441,105.1433504,76000
17.489997219903486,189.95998887961395,105.1433504,-18.886947094570903,1.6077071855860738e-05,2000.0,100.0,2000.0,-100.0,189.95998887961395,105.1433504,76100
17.486720577297376,189.9468823091895,105.1433504,-18.886947094570903,1.6077071855860738e-05,2000.0,100.0,2000.0,-100.0,189.9468823091895,105.1433504,76200
17.48344463024863,189.9337785209945,105.1433504,-18.886947094570903,1.6077071855860738e-05,2000.0,100.0,2000.0,-100.0,189.9337785209945,105.1433504,76300
17.48016875961609,189.92067503846437,105.1433504,-18.886947094570903,1.6077071855860738e-05,2000.0,100.0,2000.0,-100.0,189.92067503846437,105.1433504,76400
17.47689281256734,189.90757125026937,105.1433504,-18.886947094570903,1.6077071855860738e-05,2000.0,100.0,2000.0,-100.0,189.90757125026937,105.1433504,76500
17.4736169419348,189.8944677677392,105.1433504,-18.886947094570903,1.6077071855860738e-05,2000.0,100.0,2000.0,-100.0,189.8944677677392,105.1433504,76600
17.47034099488605,189.8813639795442,105.1433504,-18.886947094570903,1.6077071855860738e-05,2000.0,100.0,2000.0,-100.0,189.8813639795442,105.1433504,76700
17.467065124253516,189.86826049701406,105.1433504,-18.886947094570903,1.6077071855860738e-05,2000.0,100.0,2000.0,-100.0,189.86826049701406,105.1433504,76800
17.46378917720476,189.85515670881904,105.1433504,-18.886947094570903,1.6077071855860738e-05,2000.0,100.0,2000.0,-100.0,189.85515670881904,105.1433504,76900
17.46051323015601,189.84205292062404,105.1433504,-18.886947094570903,1.6077071855860738e-05,2000.0,100.0,2000.0,-100.0,189.84205292062404,105.1433504,77000
17.457237359523468,189.82894943809387,105.1433504,-18.886947094570903,1.6077071855860738e-05,2000.0,100.0,2000.0,-100.0,189.82894943809387,105.1433504,77100
17.45396141247472,189.81584564989888,105.1433504,-18.886947094570903,1.6077071855860738e-05,2000.0,100.0,2000.0,-100.0,189.81584564989888,105.1433504,77200
17.45068554184218,189.8027421673687,105.1433504,-18.886947094570903,1.6077071855860738e-05,2000.0,100.0,2000.0,-100.0,189.8027421673687,105.1433504,77300
17.447409594793427,189.7896383791737,105.1433504,-18.886947094570903,1.6077071855860738e-05,2000.0,100.0,2000.0,-100.0,189.7896383791737,105.1433504,77400
17.44413372416089,189.77653489664357,105.1433504,-18.886947094570903,1.6077071855860738e-05,2000.0,100.0,2000.0,-100.0,189.77653489664357,105.1433504,77500
17.440857777112136,189.76343110844854,105.1433504,-18.886947094570903,1.6077071855860738e-05,2000.0,100.0,2000.0,-100.0,189.76343110844854,105.1433504,77600
17.4375819064796,189.7503276259184,105.1433504,-18.886947094570903,1.6077071855860738e-05,2000.0,100.0,2000.0,-100.0,189.7503276259184,105.1433504,77700
17.434305959430844,189.73722383772338,105.1433504,-18.886947094570903,1.6077071855860738e-05,2000.0,100.0,2000.0,-100.0,189.73722383772338,105.1433504,77800
17.431030012382102,189.7241200495284,105.1433504,-18.886947094570903,1.6077071855860738e-05,2000.0,100.0,2000.0,-100.0,189.7241200495284,105.1433504,77900
17.427754141749556,189.71101656699824,105.1433504,-18.886947094570903,1.6077071855860738e-05,2000.0,100.0,2000.0,-100.0,189.71101656699824,105.1433504,78000
17.42447819470081,189.69791277880324,105.1433504,-18.886947094570903,1.6077071855860738e-05,2000.0,100.0,2000.0,-100.0,189.69791277880324,105.1433504,78100
17.42120232406827,189.68480929627307,105.1433504,-18.886947094570903,1.6077071855860738e-05,2000.0,100.0,2000.0,-100.0,189.68480929627307,105.1433504,78200
17.41792637701952,189.67170550807808,105.1433504,-18.886947094570903,1.6077071855860738e-05,2000.0,100.0,2000.0,-100.0,189.67170550807808,105.1433504,78300
17.414650506386977,189.6586020255479,105.1433504,-18.886947094570903,1.6077071855860738e-05,2000.0,100.0,2000.0,-100.0,189.6586020255479,105.1433504,78400
17.411374559338228,189.6454982373529,105.1433504,-18.886947094570903,1.6077071855860738e-05,2000.0,100.0,2000.0,-100.0,189.6454982373529,105.1433504,78500
17.408098688705692,189.63239475482277,105.1433504,-18.886947094570903,1.6077071855860738e-05,2000.0,100.0,2000.0,-100.0,189.63239475482277,105.1433504,78600
17.404822741656936,189.61929096662774,105.1433504,-18.886947094570903,1.6077071855860738e-05,2000.0,100.0,2000.0,-100.0,189.61929096662774,105.1433504,78700
17.401546794608187,189.60618717843275,105.1433504,-18.886947094570903,1.6077071855860738e-05,2000.0,100.0,2000.0,-100.0,189.60618717843275,105.1433504,78800
17.398270923975645,189.59308369590258,105.1433504,-18.886947094570903,1.6077071855860738e-05,2000.0,100.0,2000.0,-100.0,189.59308369590258,105.1433504,78900
17.3949949769269,189.57997990770758,105.1433504,-18.886947094570903,1.6077071855860738e-05,2000.0,100.0,2000.0,-100.0,189.57997990770758,105.1433504,79000
17.39171910629436,189.56687642517744,105.1433504,-18.886947094570903,1.6077071855860738e-05,2000.0,100.0,2000.0,-100.0,189.56687642517744,105.1433504,79100
17.388443159245607,189.55377263698244,105.1433504,-18.886947094570903,1.6077071855860738e-05,2000.0,100.0,2000.0,-100.0,189.55377263698244,105.1433504,79200
17.38516728861307,189.54066915445227,105.1433504,-18.886947094570903,1.6077071855860738e-05,2000.0,100.0,2000.0,-100.0,189.54066915445227,105.1433504,79300
17.38189134156432,189.52756536625728,105.1433504,-18.886947094570903,1.6077071855860738e-05,2000.0,100.0,2000.0,-100.0,189.52756536625728,105.1433504,79400
17.378615470931784,189.51446188372714,105.1433504,-18.886947094570903,1.6077071855860738e-05,2000.0,100.0,2000.0,-100.0,189.51446188372714,105.1433504,79500
17.375339523883028,189.5013580955321,105.1433504,-18.886947094570903,1.6077071855860738e-05,2000.0,100.0,2000.0,-100.0,189.5013580955321,105.1433504,79600
17.37206357683428,189.48825430733712,105.1433504,-18.886947094570903,1.6077071855860738e-05,2000.0,100.0,2000.0,-100.0,189.48825430733712,105.1433504,79700
17.368787706201736,189.47515082480695,105.1433504,-18.886947094570903,1.6077071855860738e-05,2000.0,100.0,2000.0,-100.0,189.47515082480695,105.1433504,79800
17.365511759152987,189.46204703661195,105.1433504,-18.886947094570903,1.6077071855860738e-05,2000.0,100.0,2000.0,-100.0,189.46204703661195,105.1433504,79900
17.36223588852045,189.44894355408178,105.1433504,-18.886947094570903,1.6077071855860738e-05,2000.0,100.0,2000.0,-100.0,189.44894355408178,105.1433504,80000
17.358959941471696,189.43583976588678,105.1433504,-18.886947094570903,1.6077071855860738e-05,2000.0,100.0,2000.0,-100.0,189.43583976588678,105.1433504,80100
17.355684070839157,189.42273628335664,105.1433504,-18.886947094570903,1.6077071855860738e-05,2000.0,100.0,2000.0,-100.0,189.42273628335664,105.1433504,80200
17.352408123790404,189.40963249516162,105.1433504,-18.886947094570903,1.6077071855860738e-05,2000.0,100.0,2000.0,-100.0,189.40963249516162,105.1433504,80300
17.34913225315787,189.39652901263148,105.1433504,-18.886947094570903,1.6077071855860738e-05,2000.0,100.0,2000.0,-100.0,189.39652901263148,105.1433504,80400
17.345856306109113,189.38342522443645,105.1433504,-18.886947094570903,1.6077071855860738e-05,2000.0,100.0,2000.0,-100.0,189.38342522443645,105.1433504,80500
17.34258035906037,189.37032143624148,105.1433504,-18.886947094570903,1.6077071855860738e-05,2000.0,100.0,2000.0,-100.0,189.37032143624148,105.1433504,80600
17.339304488427825,189.3572179537113,105.1433504,-18.886947094570903,1.6077071855860738e-05,2000.0,100.0,2000.0,-100.0,189.3572179537113,105.1433504,80700
17.33602854137908,189.34411416551632,105.1433504,-18.886947094570903,1.6077071855860738e-05,2000.0,100.0,2000.0,-100.0,189.34411416551632,105.1433504,80800
17.332752670746537,189.33101068298615,105.1433504,-18.886947094570903,1.6077071855860738e-05,2000.0,100.0,2000.0,-100.0,189.33101068298615,105.1433504,80900
17.329476723697788,189.31790689479115,105.1433504,-18.886947094570903,1.6077071855860738e-05,2000.0,100.0,2000.0,-100.0,189.31790689479115,105.1433504,81000
17.326200853065245,189.30480341226098,105.1433504,-18.886947094570903,1.6077071855860738e-05,2000.0,100.0,2000.0,-100.0,189.30480341226098,105.1433504,81100
17.322924906016496,189.29169962406598,105.1433504,-18.886947094570903,1.6077071855860738e-05,2000.0,100.0,2000.0,-100.0,189.29169962406598,105.1433504,81200
17.31964903538396,189.27859614153584,105.1433504,-18.886947094570903,1.6077071855860738e-05,2000.0,100.0,2000.0,-100.0,189.27859614153584,105.1433504,81300
17.316373088335204,189.26549235334082,105.1433504,-18.886947094570903,1.6077071855860738e-05,2000.0,100.0,2000.0,-100.0,189.26549235334082,105.1433504,81400
17.313097141286455,189.25238856514582,105.1433504,-18.886947094570903,1.6077071855860738e-05,2000.0,100.0,2000.0,-100.0,189.25238856514582,105.1433504,81500
17.309821270653913,189.23928508261565,105.1433504,-18.886947094570903,1.6077071855860738e-05,2000.0,100.0,2000.0,-100.0,189.23928508261565,105.1433504,81600
17.306545323605167,189.22618129442066,105.1433504,-18.886947094570903,1.6077071855860738e-05,2000.0,100.0,2000.0,-100.0,189.22618129442066,105.1433504,81700
17.30326945297263,189.2130778118905,105.1433504,-18.886947094570903,1.6077071855860738e-05,2000.0,100.0,2000.0,-100.0,189.2130778118905,105.1433504,81800
17.299993505923876,189.19997402369552,105.1433504,-18.886947094570903,1.6077071855860738e-05,2000.0,100.0,2000.0,-100.0,189.19997402369552,105.1433504,81900
17.296717635291337,189.18687054116535,105.1433504,-18.886947094570903,1.6077071855860738e-05,2000.0,100.0,2000.0,-100.0,189.18687054116535,105.1433504,82000
17.293441688242588,189.17376675297035,105.1433504,-18.886947094570903,1.6077071855860738e-05,2000.0,100.0,2000.0,-100.0,189.17376675297035,105.1433504,82100
17.290165817610053,189.1606632704402,105.1433504,-18.886947094570903,1.6077071855860738e-05,2000.0,100.0,2000.0,-100.0,189.1606632704402,105.1433504,82200
17.286889870561296,189.14755948224519,105.1433504,-18.886947094570903,1.6077071855860738e-05,2000.0,100.0,2000.0,-100.0,189.14755948224519,105.1433504,82300
17.283613923512547,189.1344556940502,105.1433504,-18.886947094570903,1.6077071855860738e-05,2000.0,100.0,2000.0,-100.0,189.1344556940502,105.1433504,82400
17.280338052880005,189.12135221152002,105.1433504,-18.886947094570903,1.6077071855860738e-05,2000.0,100.0,2000.0,-100.0,189.12135221152002,105.1433504,82500
17.277062105831256,189.10824842332502,105.1433504,-18.886947094570903,1.6077071855860738e-05,2000.0,100.0,2000.0,-100.0,189.10824842332502,105.1433504,82600
17.273786235198717,189.09514494079485,105.1433504,-18.886947094570903,1.6077071855860738e-05,2000.0,100.0,2000.0,-100.0,189.09514494079485,105.1433504,82700
17.270510288149964,189.08204115259986,105.1433504,-18.886947094570903,1.6077071855860738e-05,2000.0,100.0,2000.0,-100.0,189.08204115259986,105.1433504,82800
17.267234417517425,189.06893767006972,105.1433504,-18.886947094570903,1.6077071855860738e-05,2000.0,100.0,2000.0,-100.0,189.06893767006972,105.1433504,82900
17.263958470468673,189.0558338818747,105.1433504,-18.886947094570903,1.6077071855860738e-05,2000.0,100.0,2000.0,-100.0,189.0558338818747,105.1433504,83000
17.260682599836137,189.04273039934455,105.1433504,-18.886947094570903,1.6077071855860738e-05,2000.0,100.0,2000.0,-100.0,189.04273039934455,105.1433504,83100
17.25740665278738,189.02962661114952,105.1433504,-18.886947094570903,1.6077071855860738e-05,2000.0,100.0,2000.0,-100.0,189.02962661114952,105.1433504,83200
17.25413070573864,189.01652282295456,105.1433504,-18.886947094570903,1.6077071855860738e-05,2000.0,100.0,2000.0,-100.0,189.01652282295456,105.1433504,83300
17.250854835106093,189.0034193404244,105.1433504,-18.886947094570903,1.6077071855860738e-05,2000.0,100.0,2000.0,-100.0,189.0034193404244,105.1433504,83400
17.247578888057348,188.9903155522294,105.1433504,-18.886947094570903,1.6077071855860738e-05,2000.0,100.0,2000.0,-100.0,188.9903155522294,105.1433504,83500
17.244303017424805,188.97721206969922,105.1433504,-18.886947094570903,1.6077071855860738e-05,2000.0,100.0,2000.0,-100.0,188.97721206969922,105.1433504,83600
17.241027070376056,188.96410828150422,105.1433504,-18.886947094570903,1.6077071855860738e-05,2000.0,100.0,2000.0,-100.0,188.96410828150422,105.1433504,83700
17.237751199743514,188.95100479897405,105.1433504,-18.886947094570903,1.6077071855860738e-05,2000.0,100.0,2000.0,-100.0,188.95100479897405,105.1433504,83800
17.234475252694764,188.93790101077906,105.1433504,-18.886947094570903,1.6077071855860738e-05,2000.0,100.0,2000.0,-100.0,188.93790101077906,105.1433504,83900
17.23119938206223,188.92479752824892,105.1433504,-18.886947094570903,1.6077071855860738e-05,2000.0,100.0,2000.0,-100.0,188.92479752824892,105.1433504,84000
17.227923435013473,188.9116937400539,105.1433504,-18.886947094570903,1.6077071855860738e-05,2000.0,100.0,2000.0,-100.0,188.9116937400539,105.1433504,84100
17.224647487964724,188.8985899518589,105.1433504,-18.886947094570903,1.6077071855860738e-05,2000.0,100.0,2000.0,-100.0,188.8985899518589,105.1433504,84200
17.22137161733218,188.88548646932873,105.1433504,-18.886947094570903,1.6077071855860738e-05,2000.0,100.0,2000.0,-100.0,188.88548646932873,105.1433504,84300
17.218095670283436,188.87238268113373,105.1433504,-18.886947094570903,1.6077071855860738e-05,2000.0,100.0,2000.0,-100.0,188.87238268113373,105.1433504,84400
17.214819799650897,188.8592791986036,105.1433504,-18.886947094570903,1.6077071855860738e-05,2000.0,100.0,2000.0,-100.0,188.8592791986036,105.1433504,84500
17.211543852602144,188.8461754104086,105.1433504,-18.886947094570903,1.6077071855860738e-05,2000.0,100.0,2000.0,-100.0,188.8461754104086,105.1433504,84600
17.208267981969605,188.83307192787842,105.1433504,-18.886947094570903,1.6077071855860738e-05,2000.0,100.0,2000.0,-100.0,188.83307192787842,105.1433504,84700
17.204992034920856,188.81996813968343,105.1433504,-18.886947094570903,1.6077071855860738e-05,2000.0,100.0,2000.0,-100.0,188.81996813968343,105.1433504,84800
17.20171616428832,188.80686465715328,105.1433504,-18.886947094570903,1.6077071855860738e-05,2000.0,100.0,2000.0,-100.0,188.80686465715328,105.1433504,84900
17.198440217239565,188.79376086895826,105.1433504,-18.886947094570903,1.6077071855860738e-05,2000.0,100.0,2000.0,-100.0,188.79376086895826,105.1433504,85000
17.195164270190816,188.78065708076326,105.1433504,-18.886947094570903,1.6077071855860738e-05,2000.0,100.0,2000.0,-100.0,188.78065708076326,105.1433504,85100
17.191888399558273,188.7675535982331,105.1433504,-18.886947094570903,1.6077071855860738e-05,2000.0,100.0,2000.0,-100.0,188.7675535982331,105.1433504,85200
17.188612452509524,188.7544498100381,105.1433504,-18.886947094570903,1.6077071855860738e-05,2000.0,100.0,2000.0,-100.0,188.7544498100381,105.1433504,85300
17.185336581876985,188.74134632750793,105.1433504,-18.886947094570903,1.6077071855860738e-05,2000.0,100.0,2000.0,-100.0,188.74134632750793,105.1433504,85400
17.182060634828233,188.72824253931293,105.1433504,-18.886947094570903,1.6077071855860738e-05,2000.0,100.0,2000.0,-100.0,188.72824253931293,105.1433504,85500
17.178784764195694,188.7151390567828,105.1433504,-18.886947094570903,1.6077071855860738e-05,2000.0,100.0,2000.0,-100.0,188.7151390567828,105.1433504,85600
17.17550881714694,188.70203526858776,105.1433504,-18.886947094570903,1.6077071855860738e-05,2000.0,100.0,2000.0,-100.0,188.70203526858776,105.1433504,85700
17.172232946514406,188.68893178605762,105.1433504,-18.886947094570903,1.6077071855860738e-05,2000.0,100.0,2000.0,-100.0,188.68893178605762,105.1433504,85800
17.16895699946565,188.6758279978626,105.1433504,-18.886947094570903,1.6077071855860738e-05,2000.0,100.0,2000.0,-100.0,188.6758279978626,105.1433504,85900
17.165681052416907,188.66272420966763,105.1433504,-18.886947094570903,1.6077071855860738e-05,2000.0,100.0,2000.0,-100.0,188.66272420966763,105.1433504,86000
17.16240518178436,188.64962072713746,105.1433504,-18.886947094570903,1.6077071855860738e-05,2000.0,100.0,2000.0,-100.0,188.64962072713746,105.1433504,86100
17.159129234735616,188.63651693894246,105.1433504,-18.886947094570903,1.6077071855860738e-05,2000.0,100.0,2000.0,-100.0,188.63651693894246,105.1433504,86200
17.155853364103073,188.6234134564123,105.1433504,-18.886947094570903,1.6077071855860738e-05,2000.0,100.0,2000.0,-100.0,188.6234134564123,105.1433504,86300
17.152577417054324,188.6103096682173,105.1433504,-18.886947094570903,1.6077071855860738e-05,2000.0,100.0,2000.0,-100.0,188.6103096682173,105.1433504,86400
17.149301546421782,188.59720618568713,105.1433504,-18.886947094570903,1.6077071855860738e-05,2000.0,100.0,2000.0,-100.0,188.59720618568713,105.1433504,86500
17.146025599373033,188.58410239749213,105.1433504,-18.886947094570903,1.6077071855860738e-05,2000.0,100.0,2000.0,-100.0,188.58410239749213,105.1433504,86600
17.142749728740498,188.570998914962,105.1433504,-18.886947094570903,1.6077071855860738e-05,2000.0,100.0,2000.0,-100.0,188.570998914962,105.1433504,86700
17.13947378169174,188.55789512676697,105.1433504,-18.886947094570903,1.6077071855860738e-05,2000.0,100.0,2000.0,-100.0,188.55789512676697,105.1433504,86800
17.136197834642992,188.54479133857197,105.1433504,-18.886947094570903,1.6077071855860738e-05,2000.0,100.0,2000.0,-100.0,188.54479133857197,105.1433504,86900
17.13292196401045,188.5316878560418,105.1433504,-18.886947094570903,1.6077071855860738e-05,2000.0,100.0,2000.0,-100.0,188.5316878560418,105.1433504,87000
17.129646016961704,188.5185840678468,105.1433504,-18.886947094570903,1.6077071855860738e-05,2000.0,100.0,2000.0,-100.0,188.5185840678468,105.1433504,87100
17.126370146329165,188.50548058531666,105.1433504,-18.886947094570903,1.6077071855860738e-05,2000.0,100.0,2000.0,-100.0,188.50548058531666,105.1433504,87200
17.123094199280413,188.49237679712166,105.1433504,-18.886947094570903,1.6077071855860738e-05,2000.0,100.0,2000.0,-100.0,188.49237679712166,105.1433504,87300
17.119818328647874,188.4792733145915,105.1433504,-18.886947094570903,1.6077071855860738e-05,2000.0,100.0,2000.0,-100.0,188.4792733145915,105.1433504,87400
17.116542381599125,188.4661695263965,105.1433504,-18.886947094570903,1.6077071855860738e-05,2000.0,100.0,2000.0,-100.0,188.4661695263965,105.1433504,87500
17.11326651096659,188.45306604386636,105.1433504,-18.886947094570903,1.6077071855860738e-05,2000.0,100.0,2000.0,-100.0,188.45306604386636,105.1433504,87600
17.109990563917833,188.43996225567133,105.1433504,-18.886947094570903,1.6077071855860738e-05,2000.0,100.0,2000.0,-100.0,188.43996225567133,105.1433504,87700
17.106714616869084,188.42685846747634,105.1433504,-18.886947094570903,1.6077071855860738e-05,2000.0,100.0,2000.0,-100.0,188.42685846747634,105.1433504,87800
17.10343874623654,188.41375498494617,105.1433504,-18.886947094570903,1.6077071855860738e-05,2000.0,100.0,2000.0,-100.0,188.41375498494617,105.1433504,87900
17.100162799187792,188.40065119675117,105.1433504,-18.886947094570903,1.6077071855860738e-05,2000.0,100.0,2000.0,-100.0,188.40065119675117,105.1433504,88000
17.096886928555254,188.387547714221,105.1433504,-18.886947094570903,1.6077071855860738e-05,2000.0,100.0,2000.0,-100.0,188.387547714221,105.1433504,88100
17.0936109815065,188.374443926026,105.1433504,-18.886947094570903,1.6077071855860738e-05,2000.0,100.0,2000.0,-100.0,188.374443926026,105.1433504,88200
17.090335110873962,188.36134044349586,105.1433504,-18.886947094570903,1.6077071855860738e-05,2000.0,100.0,2000.0,-100.0,188.36134044349586,105.1433504,88300
17.08705916382521,188.34823665530084,105.1433504,-18.886947094570903,1.6077071855860738e-05,2000.0,100.0,2000.0,-100.0,188.34823665530084,105.1433504,88400
17.083783293192674,188.3351331727707,105.1433504,-18.886947094570903,1.6077071855860738e-05,2000.0,100.0,2000.0,-100.0,188.3351331727707,105.1433504,88500
17.080507346143918,188.32202938457567,105.1433504,-18.886947094570903,1.6077071855860738e-05,2000.0,100.0,2000.0,-100.0,188.32202938457567,105.1433504,88600
17.077231399095176,188.3089255963807,105.1433504,-18.886947094570903,1.6077071855860738e-05,2000.0,100.0,2000.0,-100.0,188.3089255963807,105.1433504,88700
17.07395552846263,188.29582211385053,105.1433504,-18.886947094570903,1.6077071855860738e-05,2000.0,100.0,2000.0,-100.0,188.29582211385053,105.1433504,88800
17.070679581413884,188.28271832565554,105.1433504,-18.886947094570903,1.6077071855860738e-05,2000.0,100.0,2000.0,-100.0,188.28271832565554,105.1433504,88900
17.067403710781342,188.26961484312537,105.1433504,-18.886947094570903,1.6077071855860738e-05,2000.0,100.0,2000.0,-100.0,188.26961484312537,105.1433504,89000
17.064127763732593,188.25651105493037,105.1433504,-18.886947094570903,1.6077071855860738e-05,2000.0,100.0,2000.0,-100.0,188.25651105493037,105.1433504,89100
17.06085189310005,188.2434075724002,105.1433504,-18.886947094570903,1.6077071855860738e-05,2000.0,100.0,2000.0,-100.0,188.2434075724002,105.1433504,89200
17.0575759460513,188.2303037842052,105.1433504,-18.886947094570903,1.6077071855860738e-05,2000.0,100.0,2000.0,-100.0,188.2303037842052,105.1433504,89300
17.054300075418766,188.21720030167506,105.1433504,-18.886947094570903,1.6077071855860738e-05,2000.0,100.0,2000.0,-100.0,188.21720030167506,105.1433504,89400
17.05102412837001,188.20409651348004,105.1433504,-18.886947094570903,1.6077071855860738e-05,2000.0,100.0,2000.0,-100.0,188.20409651348004,105.1433504,89500
17.04774818132126,188.19099272528504,105.1433504,-18.886947094570903,1.6077071855860738e-05,2000.0,100.0,2000.0,-100.0,188.19099272528504,105.1433504,89600
17.044472310688718,188.17788924275487,105.1433504,-18.886947094570903,1.6077071855860738e-05,2000.0,100.0,2000.0,-100.0,188.17788924275487,105.1433504,89700
17.041196363639973,188.16478545455988,105.1433504,-18.886947094570903,1.6077071855860738e-05,2000.0,100.0,2000.0,-100.0,188.16478545455988,105.1433504,89800
17.037920493007434,188.15168197202973,105.1433504,-18.886947094570903,1.6077071855860738e-05,2000.0,100.0,2000.0,-100.0,188.15168197202973,105.1433504,89900
17.03464454595868,188.13857818383474,105.1433504,-18.886947094570903,1.6077071855860738e-05,2000.0,100.0,2000.0,-100.0,188.13857818383474,105.1433504,90000
17.03136859890993,188.1254743956397,105.1433504,-18.886947094570903,1.6077071855860738e-05,2000.0,100.0,2000.0,-100.0,188.1254743956397,105.1433504,90100
17.0280928046936,188.1123712187744,105.1433504,-18.886947094570903,1.6077071855860738e-05,2000.0,100.0,2000.0,-100.0,188.1123712187744,105.1433504,90200
17.024816857644858,188.09926743057943,105.1433504,-18.886947094570903,1.6077071855860738e-05,2000.0,100.0,2000.0,-100.0,188.09926743057943,105.1433504,90300
17.0215409105961,188.0861636423844,105.1433504,-18.886947094570903,1.6077071855860738e-05,2000.0,100.0,2000.0,-100.0,188.0861636423844,105.1433504,90400
17.018264963547352,188.0730598541894,105.1433504,-18.886947094570903,1.6077071855860738e-05,2000.0,100.0,2000.0,-100.0,188.0730598541894,105.1433504,90500
17.014989016498596,188.05995606599438,105.1433504,-18.886947094570903,1.6077071855860738e-05,2000.0,100.0,2000.0,-100.0,188.05995606599438,105.1433504,90600
17.011713222282275,188.0468528891291,105.1433504,-18.886947094570903,1.6077071855860738e-05,2000.0,100.0,2000.0,-100.0,188.0468528891291,105.1433504,90700
17.008437275233522,188.03374910093407,105.1433504,-18.886947094570903,1.6077071855860738e-05,2000.0,100.0,2000.0,-100.0,188.03374910093407,105.1433504,90800
17.00516132818477,188.02064531273908,105.1433504,-18.886947094570903,1.6077071855860738e-05,2000.0,100.0,2000.0,-100.0,188.02064531273908,105.1433504,90900
17.00188538113602,188.00754152454408,105.1433504,-18.886947094570903,1.6077071855860738e-05,2000.0,100.0,2000.0,-100.0,188.00754152454408,105.1433504,91000
16.99860958691969,187.99443834767877,105.1433504,-18.886947094570903,1.6077071855860738e-05,2000.0,100.0,2000.0,-100.0,187.99443834767877,105.1433504,91100
16.995333639870942,187.98133455948377,105.1433504,-18.886947094570903,1.6077071855860738e-05,2000.0,100.0,2000.0,-100.0,187.98133455948377,105.1433504,91200
16.992057692822186,187.96823077128875,105.1433504,-18.886947094570903,1.6077071855860738e-05,2000.0,100.0,2000.0,-100.0,187.96823077128875,105.1433504,91300
16.988781745773444,187.95512698309378,105.1433504,-18.886947094570903,1.6077071855860738e-05,2000.0,100.0,2000.0,-100.0,187.95512698309378,105.1433504,91400
16.985505798724688,187.94202319489875,105.1433504,-18.886947094570903,1.6077071855860738e-05,2000.0,100.0,2000.0,-100.0,187.94202319489875,105.1433504,91500
16.982230004508363,187.92892001803347,105.1433504,-18.886947094570903,1.6077071855860738e-05,2000.0,100.0,2000.0,-100.0,187.92892001803347,105.1433504,91600
16.97895405745961,187.91581622983844,105.1433504,-18.886947094570903,1.6077071855860738e-05,2000.0,100.0,2000.0,-100.0,187.91581622983844,105.1433504,91700
16.97567811041086,187.90271244164344,105.1433504,-18.886947094570903,1.6077071855860738e-05,2000.0,100.0,2000.0,-100.0,187.90271244164344,105.1433504,91800
16.972402163362112,187.88960865344845,105.1433504,-18.886947094570903,1.6077071855860738e-05,2000.0,100.0,2000.0,-100.0,187.88960865344845,105.1433504,91900
16.969126369145783,187.87650547658313,105.1433504,-18.886947094570903,1.6077071855860738e-05,2000.0,100.0,2000.0,-100.0,187.87650547658313,105.1433504,92000
16.965850422097034,187.86340168838814,105.1433504,-18.886947094570903,1.6077071855860738e-05,2000.0,100.0,2000.0,-100.0,187.86340168838814,105.1433504,92100
16.962574475048278,187.8502979001931,105.1433504,-18.886947094570903,1.6077071855860738e-05,2000.0,100.0,2000.0,-100.0,187.8502979001931,105.1433504,92200
16.95929852799953,187.83719411199812,105.1433504,-18.886947094570903,1.6077071855860738e-05,2000.0,100.0,2000.0,-100.0,187.83719411199812,105.1433504,92300
16.956022580950776,187.8240903238031,105.1433504,-18.886947094570903,1.6077071855860738e-05,2000.0,100.0,2000.0,-100.0,187.8240903238031,105.1433504,92400
16.95274678673445,187.8109871469378,105.1433504,-18.886947094570903,1.6077071855860738e-05,2000.0,100.0,2000.0,-100.0,187.8109871469378,105.1433504,92500
16.949470839685702,187.7978833587428,105.1433504,-18.886947094570903,1.6077071855860738e-05,2000.0,100.0,2000.0,-100.0,187.7978833587428,105.1433504,92600
16.94619489263695,187.7847795705478,105.1433504,-18.886947094570903,1.6077071855860738e-05,2000.0,100.0,2000.0,-100.0,187.7847795705478,105.1433504,92700
16.942918945588197,187.7716757823528,105.1433504,-18.886947094570903,1.6077071855860738e-05,2000.0,100.0,2000.0,-100.0,187.7716757823528,105.1433504,92800
16.939643151371868,187.75857260548747,105.1433504,-18.886947094570903,1.6077071855860738e-05,2000.0,100.0,2000.0,-100.0,187.75857260548747,105.1433504,92900
16.936367204323126,187.7454688172925,105.1433504,-18.886947094570903,1.6077071855860738e-05,2000.0,100.0,2000.0,-100.0,187.7454688172925,105.1433504,93000
16.93309125727437,187.73236502909748,105.1433504,-18.886947094570903,1.6077071855860738e-05,2000.0,100.0,2000.0,-100.0,187.73236502909748,105.1433504,93100
16.92981531022562,187.71926124090248,105.1433504,-18.886947094570903,1.6077071855860738e-05,2000.0,100.0,2000.0,-100.0,187.71926124090248,105.1433504,93200
16.926539363176865,187.70615745270746,105.1433504,-18.886947094570903,1.6077071855860738e-05,2000.0,100.0,2000.0,-100.0,187.70615745270746,105.1433504,93300
16.923263568960543,187.69305427584217,105.1433504,-18.886947094570903,1.6077071855860738e-05,2000.0,100.0,2000.0,-100.0,187.69305427584217,105.1433504,93400
16.91998762191179,187.67995048764715,105.1433504,-18.886947094570903,1.6077071855860738e-05,2000.0,100.0,2000.0,-100.0,187.67995048764715,105.1433504,93500
16.916711674863038,187.66684669945215,105.1433504,-18.886947094570903,1.6077071855860738e-05,2000.0,100.0,2000.0,-100.0,187.66684669945215,105.1433504,93600
16.91343572781429,187.65374291125715,105.1433504,-18.886947094570903,1.6077071855860738e-05,2000.0,100.0,2000.0,-100.0,187.65374291125715,105.1433504,93700
16.91015993359796,187.64063973439184,105.1433504,-18.886947094570903,1.6077071855860738e-05,2000.0,100.0,2000.0,-100.0,187.64063973439184,105.1433504,93800
16.90688398654921,187.62753594619684,105.1433504,-18.886947094570903,1.6077071855860738e-05,2000.0,100.0,2000.0,-100.0,187.62753594619684,105.1433504,93900
16.903608039500455,187.61443215800182,105.1433504,-18.886947094570903,1.6077071855860738e-05,2000.0,100.0,2000.0,-100.0,187.61443215800182,105.1433504,94000
16.900332092451713,187.60132836980685,105.1433504,-18.886947094570903,1.6077071855860738e-05,2000.0,100.0,2000.0,-100.0,187.60132836980685,105.1433504,94100
16.897056145402956,187.58822458161183,105.1433504,-18.886947094570903,1.6077071855860738e-05,2000.0,100.0,2000.0,-100.0,187.58822458161183,105.1433504,94200
16.89378035118663,187.57512140474654,105.1433504,-18.886947094570903,1.6077071855860738e-05,2000.0,100.0,2000.0,-100.0,187.57512140474654,105.1433504,94300
16.89050440413788,187.56201761655151,105.1433504,-18.886947094570903,1.6077071855860738e-05,2000.0,100.0,2000.0,-100.0,187.56201761655151,105.1433504,94400
16.88722845708913,187.54891382835652,105.1433504,-18.886947094570903,1.6077071855860738e-05,2000.0,100.0,2000.0,-100.0,187.54891382835652,105.1433504,94500
16.88395251004038,187.53581004016152,105.1433504,-18.886947094570903,1.6077071855860738e-05,2000.0,100.0,2000.0,-100.0,187.53581004016152,105.1433504,94600
16.880676715824052,187.5227068632962,105.1433504,-18.886947094570903,1.6077071855860738e-05,2000.0,100.0,2000.0,-100.0,187.5227068632962,105.1433504,94700
16.877400768775303,187.5096030751012,105.1433504,-18.886947094570903,1.6077071855860738e-05,2000.0,100.0,2000.0,-100.0,187.5096030751012,105.1433504,94800
16.874124821726546,187.4964992869062,105.1433504,-18.886947094570903,1.6077071855860738e-05,2000.0,100.0,2000.0,-100.0,187.4964992869062,105.1433504,94900
16.870848874677797,187.4833954987112,105.1433504,-18.886947094570903,1.6077071855860738e-05,2000.0,100.0,2000.0,-100.0,187.4833954987112,105.1433504,95000
16.867572927629045,187.47029171051616,105.1433504,-18.886947094570903,1.6077071855860738e-05,2000.0,100.0,2000.0,-100.0,187.47029171051616,105.1433504,95100
16.86429713341272,187.45718853365088,105.1433504,-18.886947094570903,1.6077071855860738e-05,2000.0,100.0,2000.0,-100.0,187.45718853365088,105.1433504,95200
16.86102118636397,187.44408474545588,105.1433504,-18.886947094570903,1.6077071855860738e-05,2000.0,100.0,2000.0,-100.0,187.44408474545588,105.1433504,95300
16.857745239315218,187.43098095726089,105.1433504,-18.886947094570903,1.6077071855860738e-05,2000.0,100.0,2000.0,-100.0,187.43098095726089,105.1433504,95400
16.854469292266465,187.41787716906586,105.1433504,-18.886947094570903,1.6077071855860738e-05,2000.0,100.0,2000.0,-100.0,187.41787716906586,105.1433504,95500
16.851193498050137,187.40477399220055,105.1433504,-18.886947094570903,1.6077071855860738e-05,2000.0,100.0,2000.0,-100.0,187.40477399220055,105.1433504,95600
16.847917551001395,187.39167020400558,105.1433504,-18.886947094570903,1.6077071855860738e-05,2000.0,100.0,2000.0,-100.0,187.39167020400558,105.1433504,95700
16.84464160395264,187.37856641581055,105.1433504,-18.886947094570903,1.6077071855860738e-05,2000.0,100.0,2000.0,-100.0,187.37856641581055,105.1433504,95800
16.84136565690389,187.36546262761556,105.1433504,-18.886947094570903,1.6077071855860738e-05,2000.0,100.0,2000.0,-100.0,187.36546262761556,105.1433504,95900
16.838089709855133,187.35235883942053,105.1433504,-18.886947094570903,1.6077071855860738e-05,2000.0,100.0,2000.0,-100.0,187.35235883942053,105.1433504,96000
16.83481391563881,187.33925566255525,105.1433504,-18.886947094570903,1.6077071855860738e-05,2000.0,100.0,2000.0,-100.0,187.33925566255525,105.1433504,96100
16.83153796859006,187.32615187436022,105.1433504,-18.886947094570903,1.6077071855860738e-05,2000.0,100.0,2000.0,-100.0,187.32615187436022,105.1433504,96200
16.828262021541306,187.31304808616522,105.1433504,-18.886947094570903,1.6077071855860738e-05,2000.0,100.0,2000.0,-100.0,187.31304808616522,105.1433504,96300
16.824986074492557,187.29994429797023,105.1433504,-18.886947094570903,1.6077071855860738e-05,2000.0,100.0,2000.0,-100.0,187.29994429797023,105.1433504,96400
16.82171028027623,187.2868411211049,105.1433504,-18.886947094570903,1.6077071855860738e-05,2000.0,100.0,2000.0,-100.0,187.2868411211049,105.1433504,96500
16.81843433322748,187.27373733290992,105.1433504,-18.886947094570903,1.6077071855860738e-05,2000.0,100.0,2000.0,-100.0,187.27373733290992,105.1433504,96600
16.815158386178723,187.2606335447149,105.1433504,-18.886947094570903,1.6077071855860738e-05,2000.0,100.0,2000.0,-100.0,187.2606335447149,105.1433504,96700
16.81188243912998,187.24752975651992,105.1433504,-18.886947094570903,1.6077071855860738e-05,2000.0,100.0,2000.0,-100.0,187.24752975651992,105.1433504,96800
16.808606492081225,187.2344259683249,105.1433504,-18.886947094570903,1.6077071855860738e-05,2000.0,100.0,2000.0,-100.0,187.2344259683249,105.1433504,96900
16.8053306978649,187.2213227914596,105.1433504,-18.886947094570903,1.6077071855860738e-05,2000.0,100.0,2000.0,-100.0,187.2213227914596,105.1433504,97000
16.802054750816147,187.2082190032646,105.1433504,-18.886947094570903,1.6077071855860738e-05,2000.0,100.0,2000.0,-100.0,187.2082190032646,105.1433504,97100
16.798778803767398,187.1951152150696,105.1433504,-18.886947094570903,1.6077071855860738e-05,2000.0,100.0,2000.0,-100.0,187.1951152150696,105.1433504,97200
16.79550285671865,187.1820114268746,105.1433504,-18.886947094570903,1.6077071855860738e-05,2000.0,100.0,2000.0,-100.0,187.1820114268746,105.1433504,97300
16.79222706250232,187.16890825000928,105.1433504,-18.886947094570903,1.6077071855860738e-05,2000.0,100.0,2000.0,-100.0,187.16890825000928,105.1433504,97400
16.78895111545357,187.15580446181428,105.1433504,-18.886947094570903,1.6077071855860738e-05,2000.0,100.0,2000.0,-100.0,187.15580446181428,105.1433504,97500
16.785675168404815,187.14270067361926,105.1433504,-18.886947094570903,1.6077071855860738e-05,2000.0,100.0,2000.0,-100.0,187.14270067361926,105.1433504,97600
16.782399221356066,187.12959688542426,105.1433504,-18.886947094570903,1.6077071855860738e-05,2000.0,100.0,2000.0,-100.0,187.12959688542426,105.1433504,97700
16.779123274307313,187.11649309722924,105.1433504,-18.886947094570903,1.6077071855860738e-05,2000.0,100.0,2000.0,-100.0,187.11649309722924,105.1433504,97800
16.775847480090988,187.10338992036395,105.1433504,-18.886947094570903,1.6077071855860738e-05,2000.0,100.0,2000.0,-100.0,187.10338992036395,105.1433504,97900
16.77257153304224,187.09028613216896,105.1433504,-18.886947094570903,1.6077071855860738e-05,2000.0,100.0,2000.0,-100.0,187.09028613216896,105.1433504,98000
16.769295585993486,187.07718234397396,105.1433504,-18.886947094570903,1.6077071855860738e-05,2000.0,100.0,2000.0,-100.0,187.07718234397396,105.1433504,98100
16.766019638944734,187.06407855577893,105.1433504,-18.886947094570903,1.6077071855860738e-05,2000.0,100.0,2000.0,-100.0,187.06407855577893,105.1433504,98200
16.762743844728405,187.05097537891362,105.1433504,-18.886947094570903,1.6077071855860738e-05,2000.0,100.0,2000.0,-100.0,187.05097537891362,105.1433504,98300
16.759467897679663,187.03787159071865,105.1433504,-18.886947094570903,1.6077071855860738e-05,2000.0,100.0,2000.0,-100.0,187.03787159071865,105.1433504,98400
16.756191950630907,187.02476780252363,105.1433504,-18.886947094570903,1.6077071855860738e-05,2000.0,100.0,2000.0,-100.0,187.02476780252363,105.1433504,98500
16.752916003582158,187.01166401432863,105.1433504,-18.886947094570903,1.6077071855860738e-05,2000.0,100.0,2000.0,-100.0,187.01166401432863,105.1433504,98600
16.7496400565334,186.9985602261336,105.1433504,-18.886947094570903,1.6077071855860738e-05,2000.0,100.0,2000.0,-100.0,186.9985602261336,105.1433504,98700
16.74636426231708,186.98545704926832,105.1433504,-18.886947094570903,1.6077071855860738e-05,2000.0,100.0,2000.0,-100.0,186.98545704926832,105.1433504,98800
16.743088315268327,186.9723532610733,105.1433504,-18.886947094570903,1.6077071855860738e-05,2000.0,100.0,2000.0,-100.0,186.9723532610733,105.1433504,98900
16.739812368219575,186.9592494728783,105.1433504,-18.886947094570903,1.6077071855860738e-05,2000.0,100.0,2000.0,-100.0,186.9592494728783,105.1433504,99000
16.736536421170825,186.9461456846833,105.1433504,-18.886947094570903,1.6077071855860738e-05,2000.0,100.0,2000.0,-100.0,186.9461456846833,105.1433504,99100
16.733260626954497,186.933042507818,105.1433504,-18.886947094570903,1.6077071855860738e-05,2000.0,100.0,2000.0,-100.0,186.933042507818,105.1433504,99200
16.729984679905748,186.919938719623,105.1433504,-18.886947094570903,1.6077071855860738e-05,2000.0,100.0,2000.0,-100.0,186.919938719623,105.1433504,99300
16.72670873285699,186.90683493142797,105.1433504,-18.886947094570903,1.6077071855860738e-05,2000.0,100.0,2000.0,-100.0,186.90683493142797,105.1433504,99400
16.72343278580825,186.893731143233,105.1433504,-18.886947094570903,1.6077071855860738e-05,2000.0,100.0,2000.0,-100.0,186.893731143233,105.1433504,99500
16.720156838759493,186.88062735503797,105.1433504,-18.886947094570903,1.6077071855860738e-05,2000.0,100.0,2000.0,-100.0,186.88062735503797,105.1433504,99600
16.716881044543168,186.8675241781727,105.1433504,-18.886947094570903,1.6077071855860738e-05,2000.0,100.0,2000.0,-100.0,186.8675241781727,105.1433504,99700
16.713605097494415,186.85442038997766,105.1433504,-18.886947094570903,1.6077071855860738e-05,2000.0,100.0,2000.0,-100.0,186.85442038997766,105.1433504,99800
16.710329150445666,186.84131660178267,105.1433504,-18.886947094570903,1.6077071855860738e-05,2000.0,100.0,2000.0,-100.0,186.84131660178267,105.1433504,99900
